file,line,type,commit,author,date,time,timezone,datetime,depth,length
style.css,1,css,0b67ba0e,siyasathaye,2026-04-02,22:35:58,-07:00,2026-04-02T22:35:58-07:00,0,4
style.css,2,css,d9907e7e,siyasathaye,2026-04-08,23:52:09,-07:00,2026-04-08T23:52:09-07:00,1,21
style.css,3,css,d9907e7e,siyasathaye,2026-04-08,23:52:09,-07:00,2026-04-08T23:52:09-07:00,1,15
style.css,4,css,d9907e7e,siyasathaye,2026-04-08,23:52:09,-07:00,2026-04-08T23:52:09-07:00,1,42
style.css,5,css,d9907e7e,siyasathaye,2026-04-08,23:52:09,-07:00,2026-04-08T23:52:09-07:00,0,0
style.css,6,css,d9907e7e,siyasathaye,2026-04-08,23:52:09,-07:00,2026-04-08T23:52:09-07:00,0,0
style.css,7,css,d9907e7e,siyasathaye,2026-04-08,23:52:09,-07:00,2026-04-08T23:52:09-07:00,0,4
style.css,8,css,d9907e7e,siyasathaye,2026-04-08,23:52:09,-07:00,2026-04-08T23:52:09-07:00,1,44
style.css,9,css,d9907e7e,siyasathaye,2026-04-08,23:52:09,-07:00,2026-04-08T23:52:09-07:00,1,32
style.css,10,css,1a5f50c3,siyasathaye,2026-04-17,20:02:25,-07:00,2026-04-17T20:02:25-07:00,1,23
style.css,11,css,d9907e7e,siyasathaye,2026-04-08,23:52:09,-07:00,2026-04-08T23:52:09-07:00,0,0
style.css,12,css,d9907e7e,siyasathaye,2026-04-08,23:52:09,-07:00,2026-04-08T23:52:09-07:00,0,0
style.css,13,css,d9907e7e,siyasathaye,2026-04-08,23:52:09,-07:00,2026-04-08T23:52:09-07:00,0,34
style.css,14,css,d9907e7e,siyasathaye,2026-04-08,23:52:09,-07:00,2026-04-08T23:52:09-07:00,0,1
style.css,15,css,d9907e7e,siyasathaye,2026-04-08,23:52:09,-07:00,2026-04-08T23:52:09-07:00,0,1
style.css,16,css,d9907e7e,siyasathaye,2026-04-08,23:52:09,-07:00,2026-04-08T23:52:09-07:00,0,1
style.css,17,css,d9907e7e,siyasathaye,2026-04-08,23:52:09,-07:00,2026-04-08T23:52:09-07:00,0,1
style.css,18,css,d9907e7e,siyasathaye,2026-04-08,23:52:09,-07:00,2026-04-08T23:52:09-07:00,0,1
style.css,19,css,d9907e7e,siyasathaye,2026-04-08,23:52:09,-07:00,2026-04-08T23:52:09-07:00,0,2
style.css,20,css,d9907e7e,siyasathaye,2026-04-08,23:52:09,-07:00,2026-04-08T23:52:09-07:00,1,15
style.css,21,css,d9907e7e,siyasathaye,2026-04-08,23:52:09,-07:00,2026-04-08T23:52:09-07:00,1,17
style.css,22,css,d9907e7e,siyasathaye,2026-04-08,23:52:09,-07:00,2026-04-08T23:52:09-07:00,0,0
style.css,23,css,d9907e7e,siyasathaye,2026-04-08,23:52:09,-07:00,2026-04-08T23:52:09-07:00,0,0
style.css,24,css,d9907e7e,siyasathaye,2026-04-08,23:52:09,-07:00,2026-04-08T23:52:09-07:00,0,2
style.css,25,css,d9907e7e,siyasathaye,2026-04-08,23:52:09,-07:00,2026-04-08T23:52:09-07:00,1,14
style.css,26,css,d9907e7e,siyasathaye,2026-04-08,23:52:09,-07:00,2026-04-08T23:52:09-07:00,0,0
style.css,27,css,d9907e7e,siyasathaye,2026-04-08,23:52:09,-07:00,2026-04-08T23:52:09-07:00,0,0
style.css,28,css,d9907e7e,siyasathaye,2026-04-08,23:52:09,-07:00,2026-04-08T23:52:09-07:00,0,2
style.css,29,css,d9907e7e,siyasathaye,2026-04-08,23:52:09,-07:00,2026-04-08T23:52:09-07:00,1,16
style.css,30,css,d9907e7e,siyasathaye,2026-04-08,23:52:09,-07:00,2026-04-08T23:52:09-07:00,1,25
style.css,31,css,d9907e7e,siyasathaye,2026-04-08,23:52:09,-07:00,2026-04-08T23:52:09-07:00,0,0
style.css,32,css,d9907e7e,siyasathaye,2026-04-08,23:52:09,-07:00,2026-04-08T23:52:09-07:00,0,0
style.css,33,css,d9907e7e,siyasathaye,2026-04-08,23:52:09,-07:00,2026-04-08T23:52:09-07:00,0,5
style.css,34,css,1a5f50c3,siyasathaye,2026-04-17,20:02:25,-07:00,2026-04-17T20:02:25-07:00,1,39
style.css,35,css,d9907e7e,siyasathaye,2026-04-08,23:52:09,-07:00,2026-04-08T23:52:09-07:00,1,12
style.css,36,css,1a5f50c3,siyasathaye,2026-04-17,20:02:25,-07:00,2026-04-17T20:02:25-07:00,1,43
style.css,37,css,d9907e7e,siyasathaye,2026-04-08,23:52:09,-07:00,2026-04-08T23:52:09-07:00,1,20
style.css,38,css,d9907e7e,siyasathaye,2026-04-08,23:52:09,-07:00,2026-04-08T23:52:09-07:00,0,0
style.css,39,css,d9907e7e,siyasathaye,2026-04-08,23:52:09,-07:00,2026-04-08T23:52:09-07:00,0,0
style.css,40,css,d9907e7e,siyasathaye,2026-04-08,23:52:09,-07:00,2026-04-08T23:52:09-07:00,0,7
style.css,41,css,d9907e7e,siyasathaye,2026-04-08,23:52:09,-07:00,2026-04-08T23:52:09-07:00,1,6
style.css,42,css,d9907e7e,siyasathaye,2026-04-08,23:52:09,-07:00,2026-04-08T23:52:09-07:00,1,20
style.css,43,css,d9907e7e,siyasathaye,2026-04-08,23:52:09,-07:00,2026-04-08T23:52:09-07:00,1,13
style.css,44,css,d9907e7e,siyasathaye,2026-04-08,23:52:09,-07:00,2026-04-08T23:52:09-07:00,1,17
style.css,45,css,d9907e7e,siyasathaye,2026-04-08,23:52:09,-07:00,2026-04-08T23:52:09-07:00,1,13
style.css,46,css,d9907e7e,siyasathaye,2026-04-08,23:52:09,-07:00,2026-04-08T23:52:09-07:00,1,33
style.css,47,css,d9907e7e,siyasathaye,2026-04-08,23:52:09,-07:00,2026-04-08T23:52:09-07:00,0,0
style.css,48,css,d9907e7e,siyasathaye,2026-04-08,23:52:09,-07:00,2026-04-08T23:52:09-07:00,0,0
style.css,49,css,d9907e7e,siyasathaye,2026-04-08,23:52:09,-07:00,2026-04-08T23:52:09-07:00,0,15
style.css,50,css,1a5f50c3,siyasathaye,2026-04-17,20:02:25,-07:00,2026-04-17T20:02:25-07:00,1,45
style.css,51,css,d9907e7e,siyasathaye,2026-04-08,23:52:09,-07:00,2026-04-08T23:52:09-07:00,1,20
style.css,52,css,d9907e7e,siyasathaye,2026-04-08,23:52:09,-07:00,2026-04-08T23:52:09-07:00,0,0
style.css,53,css,d9907e7e,siyasathaye,2026-04-08,23:52:09,-07:00,2026-04-08T23:52:09-07:00,0,0
style.css,54,css,d9907e7e,siyasathaye,2026-04-08,23:52:09,-07:00,2026-04-08T23:52:09-07:00,0,13
style.css,55,css,d9907e7e,siyasathaye,2026-04-08,23:52:09,-07:00,2026-04-08T23:52:09-07:00,1,45
style.css,56,css,1a5f50c3,siyasathaye,2026-04-17,20:02:25,-07:00,2026-04-17T20:02:25-07:00,1,69
style.css,57,css,d9907e7e,siyasathaye,2026-04-08,23:52:09,-07:00,2026-04-08T23:52:09-07:00,0,0
style.css,58,css,d9907e7e,siyasathaye,2026-04-08,23:52:09,-07:00,2026-04-08T23:52:09-07:00,0,0
style.css,59,css,d9907e7e,siyasathaye,2026-04-08,23:52:09,-07:00,2026-04-08T23:52:09-07:00,0,23
style.css,60,css,d9907e7e,siyasathaye,2026-04-08,23:52:09,-07:00,2026-04-08T23:52:09-07:00,0,4
style.css,61,css,d9907e7e,siyasathaye,2026-04-08,23:52:09,-07:00,2026-04-08T23:52:09-07:00,1,12
style.css,62,css,d9907e7e,siyasathaye,2026-04-08,23:52:09,-07:00,2026-04-08T23:52:09-07:00,1,30
style.css,63,css,d9907e7e,siyasathaye,2026-04-08,23:52:09,-07:00,2026-04-08T23:52:09-07:00,1,7
style.css,64,css,d9907e7e,siyasathaye,2026-04-08,23:52:09,-07:00,2026-04-08T23:52:09-07:00,0,0
style.css,65,css,d9907e7e,siyasathaye,2026-04-08,23:52:09,-07:00,2026-04-08T23:52:09-07:00,0,0
style.css,66,css,1a5f50c3,siyasathaye,2026-04-17,20:02:25,-07:00,2026-04-17T20:02:25-07:00,0,10
style.css,67,css,d9907e7e,siyasathaye,2026-04-08,23:52:09,-07:00,2026-04-08T23:52:09-07:00,1,12
style.css,68,css,d9907e7e,siyasathaye,2026-04-08,23:52:09,-07:00,2026-04-08T23:52:09-07:00,1,29
style.css,69,css,d9907e7e,siyasathaye,2026-04-08,23:52:09,-07:00,2026-04-08T23:52:09-07:00,1,18
style.css,70,css,d9907e7e,siyasathaye,2026-04-08,23:52:09,-07:00,2026-04-08T23:52:09-07:00,0,0
style.css,71,css,d9907e7e,siyasathaye,2026-04-08,23:52:09,-07:00,2026-04-08T23:52:09-07:00,0,0
style.css,72,css,d9907e7e,siyasathaye,2026-04-08,23:52:09,-07:00,2026-04-08T23:52:09-07:00,0,4
style.css,73,css,d9907e7e,siyasathaye,2026-04-08,23:52:09,-07:00,2026-04-08T23:52:09-07:00,0,7
style.css,74,css,1a5f50c3,siyasathaye,2026-04-17,20:02:25,-07:00,2026-04-17T20:02:25-07:00,0,5
style.css,75,css,1a5f50c3,siyasathaye,2026-04-17,20:02:25,-07:00,2026-04-17T20:02:25-07:00,0,6
style.css,76,css,d9907e7e,siyasathaye,2026-04-08,23:52:09,-07:00,2026-04-08T23:52:09-07:00,1,12
style.css,77,css,d9907e7e,siyasathaye,2026-04-08,23:52:09,-07:00,2026-04-08T23:52:09-07:00,0,0
style.css,78,css,d9907e7e,siyasathaye,2026-04-08,23:52:09,-07:00,2026-04-08T23:52:09-07:00,0,0
style.css,79,css,d9907e7e,siyasathaye,2026-04-08,23:52:09,-07:00,2026-04-08T23:52:09-07:00,0,4
style.css,80,css,d9907e7e,siyasathaye,2026-04-08,23:52:09,-07:00,2026-04-08T23:52:09-07:00,0,8
style.css,81,css,d9907e7e,siyasathaye,2026-04-08,23:52:09,-07:00,2026-04-08T23:52:09-07:00,1,10
style.css,82,css,d9907e7e,siyasathaye,2026-04-08,23:52:09,-07:00,2026-04-08T23:52:09-07:00,1,21
style.css,83,css,d9907e7e,siyasathaye,2026-04-08,23:52:09,-07:00,2026-04-08T23:52:09-07:00,0,0
style.css,84,css,d9907e7e,siyasathaye,2026-04-08,23:52:09,-07:00,2026-04-08T23:52:09-07:00,0,0
style.css,85,css,d9907e7e,siyasathaye,2026-04-08,23:52:09,-07:00,2026-04-08T23:52:09-07:00,0,6
style.css,86,css,d9907e7e,siyasathaye,2026-04-08,23:52:09,-07:00,2026-04-08T23:52:09-07:00,1,18
style.css,87,css,d9907e7e,siyasathaye,2026-04-08,23:52:09,-07:00,2026-04-08T23:52:09-07:00,1,10
style.css,88,css,d9907e7e,siyasathaye,2026-04-08,23:52:09,-07:00,2026-04-08T23:52:09-07:00,1,18
style.css,89,css,d9907e7e,siyasathaye,2026-04-08,23:52:09,-07:00,2026-04-08T23:52:09-07:00,1,18
style.css,90,css,d9907e7e,siyasathaye,2026-04-08,23:52:09,-07:00,2026-04-08T23:52:09-07:00,1,24
style.css,91,css,d9907e7e,siyasathaye,2026-04-08,23:52:09,-07:00,2026-04-08T23:52:09-07:00,1,14
style.css,92,css,d9907e7e,siyasathaye,2026-04-08,23:52:09,-07:00,2026-04-08T23:52:09-07:00,1,14
style.css,93,css,d9907e7e,siyasathaye,2026-04-08,23:52:09,-07:00,2026-04-08T23:52:09-07:00,0,0
style.css,94,css,d9907e7e,siyasathaye,2026-04-08,23:52:09,-07:00,2026-04-08T23:52:09-07:00,0,0
style.css,95,css,1a5f50c3,siyasathaye,2026-04-17,20:02:25,-07:00,2026-04-17T20:02:25-07:00,0,13
style.css,96,css,1a5f50c3,siyasathaye,2026-04-17,20:02:25,-07:00,2026-04-17T20:02:25-07:00,1,17
style.css,97,css,1a5f50c3,siyasathaye,2026-04-17,20:02:25,-07:00,2026-04-17T20:02:25-07:00,1,8
style.css,98,css,1a5f50c3,siyasathaye,2026-04-17,20:02:25,-07:00,2026-04-17T20:02:25-07:00,1,10
style.css,99,css,1a5f50c3,siyasathaye,2026-04-17,20:02:25,-07:00,2026-04-17T20:02:25-07:00,1,13
style.css,100,css,1a5f50c3,siyasathaye,2026-04-17,20:02:25,-07:00,2026-04-17T20:02:25-07:00,0,0
style.css,101,css,1a5f50c3,siyasathaye,2026-04-17,20:02:25,-07:00,2026-04-17T20:02:25-07:00,0,0
style.css,102,css,d9907e7e,siyasathaye,2026-04-08,23:52:09,-07:00,2026-04-08T23:52:09-07:00,0,17
style.css,103,css,d9907e7e,siyasathaye,2026-04-08,23:52:09,-07:00,2026-04-08T23:52:09-07:00,0,9
style.css,104,css,d9907e7e,siyasathaye,2026-04-08,23:52:09,-07:00,2026-04-08T23:52:09-07:00,1,12
style.css,105,css,d9907e7e,siyasathaye,2026-04-08,23:52:09,-07:00,2026-04-08T23:52:09-07:00,1,58
style.css,106,css,d9907e7e,siyasathaye,2026-04-08,23:52:09,-07:00,2026-04-08T23:52:09-07:00,1,7
style.css,107,css,d9907e7e,siyasathaye,2026-04-08,23:52:09,-07:00,2026-04-08T23:52:09-07:00,1,18
style.css,108,css,d9907e7e,siyasathaye,2026-04-08,23:52:09,-07:00,2026-04-08T23:52:09-07:00,0,0
style.css,109,css,d9907e7e,siyasathaye,2026-04-08,23:52:09,-07:00,2026-04-08T23:52:09-07:00,0,0
style.css,110,css,d9907e7e,siyasathaye,2026-04-08,23:52:09,-07:00,2026-04-08T23:52:09-07:00,0,17
style.css,111,css,d9907e7e,siyasathaye,2026-04-08,23:52:09,-07:00,2026-04-08T23:52:09-07:00,1,12
style.css,112,css,d9907e7e,siyasathaye,2026-04-08,23:52:09,-07:00,2026-04-08T23:52:09-07:00,1,26
style.css,113,css,d9907e7e,siyasathaye,2026-04-08,23:52:09,-07:00,2026-04-08T23:52:09-07:00,1,15
style.css,114,css,d9907e7e,siyasathaye,2026-04-08,23:52:09,-07:00,2026-04-08T23:52:09-07:00,0,0
style.css,115,css,d9907e7e,siyasathaye,2026-04-08,23:52:09,-07:00,2026-04-08T23:52:09-07:00,0,0
style.css,116,css,d9907e7e,siyasathaye,2026-04-08,23:52:09,-07:00,2026-04-08T23:52:09-07:00,0,12
style.css,117,css,d9907e7e,siyasathaye,2026-04-08,23:52:09,-07:00,2026-04-08T23:52:09-07:00,1,17
style.css,118,css,d9907e7e,siyasathaye,2026-04-08,23:52:09,-07:00,2026-04-08T23:52:09-07:00,0,0
style.css,119,css,d9907e7e,siyasathaye,2026-04-08,23:52:09,-07:00,2026-04-08T23:52:09-07:00,0,0
style.css,120,css,d9907e7e,siyasathaye,2026-04-08,23:52:09,-07:00,2026-04-08T23:52:09-07:00,0,13
style.css,121,css,d9907e7e,siyasathaye,2026-04-08,23:52:09,-07:00,2026-04-08T23:52:09-07:00,1,10
style.css,122,css,d9907e7e,siyasathaye,2026-04-08,23:52:09,-07:00,2026-04-08T23:52:09-07:00,1,11
style.css,123,css,d9907e7e,siyasathaye,2026-04-08,23:52:09,-07:00,2026-04-08T23:52:09-07:00,1,13
style.css,124,css,d9907e7e,siyasathaye,2026-04-08,23:52:09,-07:00,2026-04-08T23:52:09-07:00,0,0
style.css,125,css,d9907e7e,siyasathaye,2026-04-08,23:52:09,-07:00,2026-04-08T23:52:09-07:00,0,0
style.css,126,css,8ae8ca6d,siyasathaye,2026-05-01,20:24:08,-07:00,2026-05-01T20:24:08-07:00,0,13
style.css,127,css,8ae8ca6d,siyasathaye,2026-05-01,20:24:08,-07:00,2026-05-01T20:24:08-07:00,1,12
style.css,128,css,8ae8ca6d,siyasathaye,2026-05-01,20:24:08,-07:00,2026-05-01T20:24:08-07:00,1,9
style.css,129,css,8ae8ca6d,siyasathaye,2026-05-01,20:24:08,-07:00,2026-05-01T20:24:08-07:00,0,0
style.css,130,css,8ae8ca6d,siyasathaye,2026-05-01,20:24:08,-07:00,2026-05-01T20:24:08-07:00,0,0
style.css,131,css,8ae8ca6d,siyasathaye,2026-05-01,20:24:08,-07:00,2026-05-01T20:24:08-07:00,0,15
style.css,132,css,8ae8ca6d,siyasathaye,2026-05-01,20:24:08,-07:00,2026-05-01T20:24:08-07:00,1,8
style.css,133,css,8ae8ca6d,siyasathaye,2026-05-01,20:24:08,-07:00,2026-05-01T20:24:08-07:00,0,0
style.css,134,css,8ae8ca6d,siyasathaye,2026-05-01,20:24:08,-07:00,2026-05-01T20:24:08-07:00,0,0
style.css,135,css,8ae8ca6d,siyasathaye,2026-05-01,20:24:08,-07:00,2026-05-01T20:24:08-07:00,0,13
style.css,136,css,8ae8ca6d,siyasathaye,2026-05-01,20:24:08,-07:00,2026-05-01T20:24:08-07:00,1,53
style.css,137,css,8ae8ca6d,siyasathaye,2026-05-01,20:24:08,-07:00,2026-05-01T20:24:08-07:00,1,39
style.css,138,css,8ae8ca6d,siyasathaye,2026-05-01,20:24:08,-07:00,2026-05-01T20:24:08-07:00,1,34
style.css,139,css,8ae8ca6d,siyasathaye,2026-05-01,20:24:08,-07:00,2026-05-01T20:24:08-07:00,0,0
style.css,140,css,8ae8ca6d,siyasathaye,2026-05-01,20:24:08,-07:00,2026-05-01T20:24:08-07:00,0,0
style.css,141,css,8ae8ca6d,siyasathaye,2026-05-01,20:24:08,-07:00,2026-05-01T20:24:08-07:00,0,22
style.css,142,css,8ae8ca6d,siyasathaye,2026-05-01,20:24:08,-07:00,2026-05-01T20:24:08-07:00,1,12
style.css,143,css,8ae8ca6d,siyasathaye,2026-05-01,20:24:08,-07:00,2026-05-01T20:24:08-07:00,1,22
style.css,144,css,8ae8ca6d,siyasathaye,2026-05-01,20:24:08,-07:00,2026-05-01T20:24:08-07:00,1,8
style.css,145,css,8ae8ca6d,siyasathaye,2026-05-01,20:24:08,-07:00,2026-05-01T20:24:08-07:00,1,19
style.css,146,css,8ae8ca6d,siyasathaye,2026-05-01,20:24:08,-07:00,2026-05-01T20:24:08-07:00,0,0
style.css,147,css,8ae8ca6d,siyasathaye,2026-05-01,20:24:08,-07:00,2026-05-01T20:24:08-07:00,0,0
style.css,148,css,8ae8ca6d,siyasathaye,2026-05-01,20:24:08,-07:00,2026-05-01T20:24:08-07:00,0,18
style.css,149,css,8ae8ca6d,siyasathaye,2026-05-01,20:24:08,-07:00,2026-05-01T20:24:08-07:00,1,14
style.css,150,css,8ae8ca6d,siyasathaye,2026-05-01,20:24:08,-07:00,2026-05-01T20:24:08-07:00,1,16
style.css,151,css,8ae8ca6d,siyasathaye,2026-05-01,20:24:08,-07:00,2026-05-01T20:24:08-07:00,1,24
style.css,152,css,8ae8ca6d,siyasathaye,2026-05-01,20:24:08,-07:00,2026-05-01T20:24:08-07:00,1,16
style.css,153,css,8ae8ca6d,siyasathaye,2026-05-01,20:24:08,-07:00,2026-05-01T20:24:08-07:00,0,0
style.css,154,css,8ae8ca6d,siyasathaye,2026-05-01,20:24:08,-07:00,2026-05-01T20:24:08-07:00,0,0
style.css,155,css,8ae8ca6d,siyasathaye,2026-05-01,20:24:08,-07:00,2026-05-01T20:24:08-07:00,0,23
style.css,156,css,8ae8ca6d,siyasathaye,2026-05-01,20:24:08,-07:00,2026-05-01T20:24:08-07:00,1,14
style.css,157,css,8ae8ca6d,siyasathaye,2026-05-01,20:24:08,-07:00,2026-05-01T20:24:08-07:00,1,36
style.css,158,css,8ae8ca6d,siyasathaye,2026-05-01,20:24:08,-07:00,2026-05-01T20:24:08-07:00,0,0
style.css,159,css,8ae8ca6d,siyasathaye,2026-05-01,20:24:08,-07:00,2026-05-01T20:24:08-07:00,0,0
style.css,160,css,8ae8ca6d,siyasathaye,2026-05-01,20:24:08,-07:00,2026-05-01T20:24:08-07:00,0,51
style.css,161,css,8ae8ca6d,siyasathaye,2026-05-01,20:24:08,-07:00,2026-05-01T20:24:08-07:00,1,11
style.css,162,css,8ae8ca6d,siyasathaye,2026-05-01,20:24:08,-07:00,2026-05-01T20:24:08-07:00,0,0
style.css,163,css,8ae8ca6d,siyasathaye,2026-05-01,20:24:08,-07:00,2026-05-01T20:24:08-07:00,0,0
style.css,164,css,8ae8ca6d,siyasathaye,2026-05-01,20:24:08,-07:00,2026-05-01T20:24:08-07:00,0,7
style.css,165,css,8ae8ca6d,siyasathaye,2026-05-01,20:24:08,-07:00,2026-05-01T20:24:08-07:00,1,6
style.css,166,css,8ae8ca6d,siyasathaye,2026-05-01,20:24:08,-07:00,2026-05-01T20:24:08-07:00,1,12
style.css,167,css,8ae8ca6d,siyasathaye,2026-05-01,20:24:08,-07:00,2026-05-01T20:24:08-07:00,1,57
style.css,168,css,8ae8ca6d,siyasathaye,2026-05-01,20:24:08,-07:00,2026-05-01T20:24:08-07:00,1,11
style.css,169,css,8ae8ca6d,siyasathaye,2026-05-01,20:24:08,-07:00,2026-05-01T20:24:08-07:00,1,15
style.css,170,css,8ae8ca6d,siyasathaye,2026-05-01,20:24:08,-07:00,2026-05-01T20:24:08-07:00,1,8
style.css,171,css,8ae8ca6d,siyasathaye,2026-05-01,20:24:08,-07:00,2026-05-01T20:24:08-07:00,1,12
style.css,172,css,8ae8ca6d,siyasathaye,2026-05-01,20:24:08,-07:00,2026-05-01T20:24:08-07:00,1,64
style.css,173,css,8ae8ca6d,siyasathaye,2026-05-01,20:24:08,-07:00,2026-05-01T20:24:08-07:00,1,18
style.css,174,css,8ae8ca6d,siyasathaye,2026-05-01,20:24:08,-07:00,2026-05-01T20:24:08-07:00,1,66
style.css,175,css,8ae8ca6d,siyasathaye,2026-05-01,20:24:08,-07:00,2026-05-01T20:24:08-07:00,0,0
style.css,176,css,8ae8ca6d,siyasathaye,2026-05-01,20:24:08,-07:00,2026-05-01T20:24:08-07:00,0,0
style.css,177,css,8ae8ca6d,siyasathaye,2026-05-01,20:24:08,-07:00,2026-05-01T20:24:08-07:00,0,12
style.css,178,css,8ae8ca6d,siyasathaye,2026-05-01,20:24:08,-07:00,2026-05-01T20:24:08-07:00,1,12
style.css,179,css,8ae8ca6d,siyasathaye,2026-05-01,20:24:08,-07:00,2026-05-01T20:24:08-07:00,1,18
style.css,180,css,8ae8ca6d,siyasathaye,2026-05-01,20:24:08,-07:00,2026-05-01T20:24:08-07:00,1,10
style.css,181,css,8ae8ca6d,siyasathaye,2026-05-01,20:24:08,-07:00,2026-05-01T20:24:08-07:00,1,23
style.css,182,css,8ae8ca6d,siyasathaye,2026-05-01,20:24:08,-07:00,2026-05-01T20:24:08-07:00,1,21
style.css,183,css,8ae8ca6d,siyasathaye,2026-05-01,20:24:08,-07:00,2026-05-01T20:24:08-07:00,1,14
style.css,184,css,8ae8ca6d,siyasathaye,2026-05-01,20:24:08,-07:00,2026-05-01T20:24:08-07:00,0,0
style.css,185,css,8ae8ca6d,siyasathaye,2026-05-01,20:24:08,-07:00,2026-05-01T20:24:08-07:00,0,0
style.css,186,css,8ae8ca6d,siyasathaye,2026-05-01,20:24:08,-07:00,2026-05-01T20:24:08-07:00,0,15
style.css,187,css,8ae8ca6d,siyasathaye,2026-05-01,20:24:08,-07:00,2026-05-01T20:24:08-07:00,1,53
style.css,188,css,8ae8ca6d,siyasathaye,2026-05-01,20:24:08,-07:00,2026-05-01T20:24:08-07:00,1,17
style.css,189,css,8ae8ca6d,siyasathaye,2026-05-01,20:24:08,-07:00,2026-05-01T20:24:08-07:00,0,0
style.css,190,css,8ae8ca6d,siyasathaye,2026-05-01,20:24:08,-07:00,2026-05-01T20:24:08-07:00,0,0
style.css,191,css,8ae8ca6d,siyasathaye,2026-05-01,20:24:08,-07:00,2026-05-01T20:24:08-07:00,0,7
style.css,192,css,8ae8ca6d,siyasathaye,2026-05-01,20:24:08,-07:00,2026-05-01T20:24:08-07:00,1,20
style.css,193,css,8ae8ca6d,siyasathaye,2026-05-01,20:24:08,-07:00,2026-05-01T20:24:08-07:00,1,10
style.css,194,css,8ae8ca6d,siyasathaye,2026-05-01,20:24:08,-07:00,2026-05-01T20:24:08-07:00,1,18
style.css,195,css,8ae8ca6d,siyasathaye,2026-05-01,20:24:08,-07:00,2026-05-01T20:24:08-07:00,1,17
style.css,196,css,8ae8ca6d,siyasathaye,2026-05-01,20:24:08,-07:00,2026-05-01T20:24:08-07:00,1,23
style.css,197,css,8ae8ca6d,siyasathaye,2026-05-01,20:24:08,-07:00,2026-05-01T20:24:08-07:00,1,9
style.css,198,css,8ae8ca6d,siyasathaye,2026-05-01,20:24:08,-07:00,2026-05-01T20:24:08-07:00,0,0
style.css,199,css,8ae8ca6d,siyasathaye,2026-05-01,20:24:08,-07:00,2026-05-01T20:24:08-07:00,0,0
style.css,200,css,8ae8ca6d,siyasathaye,2026-05-01,20:24:08,-07:00,2026-05-01T20:24:08-07:00,0,9
style.css,201,css,8ae8ca6d,siyasathaye,2026-05-01,20:24:08,-07:00,2026-05-01T20:24:08-07:00,1,35
style.css,202,css,8ae8ca6d,siyasathaye,2026-05-01,20:24:08,-07:00,2026-05-01T20:24:08-07:00,0,0
style.css,203,css,8ae8ca6d,siyasathaye,2026-05-01,20:24:08,-07:00,2026-05-01T20:24:08-07:00,0,0
style.css,204,css,8ae8ca6d,siyasathaye,2026-05-01,20:24:08,-07:00,2026-05-01T20:24:08-07:00,0,32
style.css,205,css,8ae8ca6d,siyasathaye,2026-05-01,20:24:08,-07:00,2026-05-01T20:24:08-07:00,1,17
style.css,206,css,8ae8ca6d,siyasathaye,2026-05-01,20:24:08,-07:00,2026-05-01T20:24:08-07:00,0,0
style.css,207,css,8ae8ca6d,siyasathaye,2026-05-01,20:24:08,-07:00,2026-05-01T20:24:08-07:00,0,0
style.css,208,css,8ae8ca6d,siyasathaye,2026-05-01,20:24:08,-07:00,2026-05-01T20:24:08-07:00,0,21
style.css,209,css,8ae8ca6d,siyasathaye,2026-05-01,20:24:08,-07:00,2026-05-01T20:24:08-07:00,1,60
style.css,210,css,8ae8ca6d,siyasathaye,2026-05-01,20:24:08,-07:00,2026-05-01T20:24:08-07:00,0,0
style.css,211,css,8ae8ca6d,siyasathaye,2026-05-01,20:24:08,-07:00,2026-05-01T20:24:08-07:00,0,0
style.css,212,css,8ae8ca6d,siyasathaye,2026-05-01,20:24:08,-07:00,2026-05-01T20:24:08-07:00,0,10
style.css,213,css,8ae8ca6d,siyasathaye,2026-05-01,20:24:08,-07:00,2026-05-01T20:24:08-07:00,1,10
style.css,214,css,8ae8ca6d,siyasathaye,2026-05-01,20:24:08,-07:00,2026-05-01T20:24:08-07:00,1,19
style.css,215,css,8ae8ca6d,siyasathaye,2026-05-01,20:24:08,-07:00,2026-05-01T20:24:08-07:00,0,0
style.css,216,css,8ae8ca6d,siyasathaye,2026-05-01,20:24:08,-07:00,2026-05-01T20:24:08-07:00,0,0
style.css,217,css,8f41d9cc,siyasathaye,2026-04-24,22:37:41,-07:00,2026-04-24T22:37:41-07:00,0,14
style.css,218,css,8f41d9cc,siyasathaye,2026-04-24,22:37:41,-07:00,2026-04-24T22:37:41-07:00,1,20
style.css,219,css,8f41d9cc,siyasathaye,2026-04-24,22:37:41,-07:00,2026-04-24T22:37:41-07:00,0,0
style.css,220,css,8f41d9cc,siyasathaye,2026-04-24,22:37:41,-07:00,2026-04-24T22:37:41-07:00,0,0
style.css,221,css,8f41d9cc,siyasathaye,2026-04-24,22:37:41,-07:00,2026-04-24T22:37:41-07:00,0,17
style.css,222,css,8f41d9cc,siyasathaye,2026-04-24,22:37:41,-07:00,2026-04-24T22:37:41-07:00,1,12
style.css,223,css,8f41d9cc,siyasathaye,2026-04-24,22:37:41,-07:00,2026-04-24T22:37:41-07:00,1,36
style.css,224,css,8f41d9cc,siyasathaye,2026-04-24,22:37:41,-07:00,2026-04-24T22:37:41-07:00,1,13
style.css,225,css,8f41d9cc,siyasathaye,2026-04-24,22:37:41,-07:00,2026-04-24T22:37:41-07:00,1,11
style.css,226,css,8f41d9cc,siyasathaye,2026-04-24,22:37:41,-07:00,2026-04-24T22:37:41-07:00,1,64
style.css,227,css,8f41d9cc,siyasathaye,2026-04-24,22:37:41,-07:00,2026-04-24T22:37:41-07:00,1,18
style.css,228,css,8f41d9cc,siyasathaye,2026-04-24,22:37:41,-07:00,2026-04-24T22:37:41-07:00,1,66
style.css,229,css,8f41d9cc,siyasathaye,2026-04-24,22:37:41,-07:00,2026-04-24T22:37:41-07:00,0,0
style.css,230,css,8f41d9cc,siyasathaye,2026-04-24,22:37:41,-07:00,2026-04-24T22:37:41-07:00,0,0
style.css,231,css,8f41d9cc,siyasathaye,2026-04-24,22:37:41,-07:00,2026-04-24T22:37:41-07:00,0,17
style.css,232,css,8f41d9cc,siyasathaye,2026-04-24,22:37:41,-07:00,2026-04-24T22:37:41-07:00,1,10
style.css,233,css,8f41d9cc,siyasathaye,2026-04-24,22:37:41,-07:00,2026-04-24T22:37:41-07:00,1,15
style.css,234,css,8f41d9cc,siyasathaye,2026-04-24,22:37:41,-07:00,2026-04-24T22:37:41-07:00,1,66
style.css,235,css,8f41d9cc,siyasathaye,2026-04-24,22:37:41,-07:00,2026-04-24T22:37:41-07:00,0,0
style.css,236,css,8f41d9cc,siyasathaye,2026-04-24,22:37:41,-07:00,2026-04-24T22:37:41-07:00,0,0
style.css,237,css,8f41d9cc,siyasathaye,2026-04-24,22:37:41,-07:00,2026-04-24T22:37:41-07:00,0,17
style.css,238,css,8f41d9cc,siyasathaye,2026-04-24,22:37:41,-07:00,2026-04-24T22:37:41-07:00,1,10
style.css,239,css,8f41d9cc,siyasathaye,2026-04-24,22:37:41,-07:00,2026-04-24T22:37:41-07:00,1,8
style.css,240,css,8f41d9cc,siyasathaye,2026-04-24,22:37:41,-07:00,2026-04-24T22:37:41-07:00,1,16
style.css,241,css,8f41d9cc,siyasathaye,2026-04-24,22:37:41,-07:00,2026-04-24T22:37:41-07:00,1,15
style.css,242,css,8f41d9cc,siyasathaye,2026-04-24,22:37:41,-07:00,2026-04-24T22:37:41-07:00,0,0
style.css,243,css,8f41d9cc,siyasathaye,2026-04-24,22:37:41,-07:00,2026-04-24T22:37:41-07:00,0,0
style.css,244,css,8f41d9cc,siyasathaye,2026-04-24,22:37:41,-07:00,2026-04-24T22:37:41-07:00,0,25
style.css,245,css,8f41d9cc,siyasathaye,2026-04-24,22:37:41,-07:00,2026-04-24T22:37:41-07:00,1,17
style.css,246,css,8f41d9cc,siyasathaye,2026-04-24,22:37:41,-07:00,2026-04-24T22:37:41-07:00,2,36
style.css,247,css,8f41d9cc,siyasathaye,2026-04-24,22:37:41,-07:00,2026-04-24T22:37:41-07:00,1,0
style.css,248,css,8ae8ca6d,siyasathaye,2026-05-01,20:24:08,-07:00,2026-05-01T20:24:08-07:00,0,0
style.css,249,css,8ae8ca6d,siyasathaye,2026-05-01,20:24:08,-07:00,2026-05-01T20:24:08-07:00,1,22
style.css,250,css,8ae8ca6d,siyasathaye,2026-05-01,20:24:08,-07:00,2026-05-01T20:24:08-07:00,2,21
style.css,251,css,8ae8ca6d,siyasathaye,2026-05-01,20:24:08,-07:00,2026-05-01T20:24:08-07:00,1,0
style.css,252,css,8ae8ca6d,siyasathaye,2026-05-01,20:24:08,-07:00,2026-05-01T20:24:08-07:00,0,0
style.css,253,css,8ae8ca6d,siyasathaye,2026-05-01,20:24:08,-07:00,2026-05-01T20:24:08-07:00,1,18
style.css,254,css,8ae8ca6d,siyasathaye,2026-05-01,20:24:08,-07:00,2026-05-01T20:24:08-07:00,2,21
style.css,255,css,8ae8ca6d,siyasathaye,2026-05-01,20:24:08,-07:00,2026-05-01T20:24:08-07:00,2,15
style.css,256,css,8ae8ca6d,siyasathaye,2026-05-01,20:24:08,-07:00,2026-05-01T20:24:08-07:00,1,0
style.css,257,css,8f41d9cc,siyasathaye,2026-04-24,22:37:41,-07:00,2026-04-24T22:37:41-07:00,0,0
style.css,258,css,8f41d9cc,siyasathaye,2026-04-24,22:37:41,-07:00,2026-04-24T22:37:41-07:00,0,0
style.css,259,css,d9907e7e,siyasathaye,2026-04-08,23:52:09,-07:00,2026-04-08T23:52:09-07:00,0,18
style.css,260,css,d9907e7e,siyasathaye,2026-04-08,23:52:09,-07:00,2026-04-08T23:52:09-07:00,0,20
style.css,261,css,d9907e7e,siyasathaye,2026-04-08,23:52:09,-07:00,2026-04-08T23:52:09-07:00,1,18
style.css,262,css,d9907e7e,siyasathaye,2026-04-08,23:52:09,-07:00,2026-04-08T23:52:09-07:00,0,0
style.css,263,css,d9907e7e,siyasathaye,2026-04-08,23:52:09,-07:00,2026-04-08T23:52:09-07:00,0,0
style.css,264,css,d9907e7e,siyasathaye,2026-04-08,23:52:09,-07:00,2026-04-08T23:52:09-07:00,0,20
style.css,265,css,c1c1d717,siyasathaye,2026-04-17,20:09:11,-07:00,2026-04-17T20:09:11-07:00,1,67
style.css,266,css,c1c1d717,siyasathaye,2026-04-17,20:09:11,-07:00,2026-04-17T20:09:11-07:00,1,64
style.css,267,css,d9907e7e,siyasathaye,2026-04-08,23:52:09,-07:00,2026-04-08T23:52:09-07:00,1,41
style.css,268,css,d9907e7e,siyasathaye,2026-04-08,23:52:09,-07:00,2026-04-08T23:52:09-07:00,1,18
style.css,269,css,d9907e7e,siyasathaye,2026-04-08,23:52:09,-07:00,2026-04-08T23:52:09-07:00,1,17
style.css,270,css,c1c1d717,siyasathaye,2026-04-17,20:09:11,-07:00,2026-04-17T20:09:11-07:00,1,69
style.css,271,css,d9907e7e,siyasathaye,2026-04-08,23:52:09,-07:00,2026-04-08T23:52:09-07:00,0,0
style.css,272,css,d9907e7e,siyasathaye,2026-04-08,23:52:09,-07:00,2026-04-08T23:52:09-07:00,0,0
style.css,273,css,d9907e7e,siyasathaye,2026-04-08,23:52:09,-07:00,2026-04-08T23:52:09-07:00,0,30
style.css,274,css,d9907e7e,siyasathaye,2026-04-08,23:52:09,-07:00,2026-04-08T23:52:09-07:00,1,14
style.css,275,css,d9907e7e,siyasathaye,2026-04-08,23:52:09,-07:00,2026-04-08T23:52:09-07:00,0,0
style.css,276,css,d9907e7e,siyasathaye,2026-04-08,23:52:09,-07:00,2026-04-08T23:52:09-07:00,0,0
style.css,277,css,d9907e7e,siyasathaye,2026-04-08,23:52:09,-07:00,2026-04-08T23:52:09-07:00,0,15
style.css,278,css,d9907e7e,siyasathaye,2026-04-08,23:52:09,-07:00,2026-04-08T23:52:09-07:00,1,17
style.css,279,css,d9907e7e,siyasathaye,2026-04-08,23:52:09,-07:00,2026-04-08T23:52:09-07:00,0,0
style.css,280,css,d9907e7e,siyasathaye,2026-04-08,23:52:09,-07:00,2026-04-08T23:52:09-07:00,0,0
style.css,281,css,d9907e7e,siyasathaye,2026-04-08,23:52:09,-07:00,2026-04-08T23:52:09-07:00,0,14
style.css,282,css,d9907e7e,siyasathaye,2026-04-08,23:52:09,-07:00,2026-04-08T23:52:09-07:00,1,17
style.css,283,css,d9907e7e,siyasathaye,2026-04-08,23:52:09,-07:00,2026-04-08T23:52:09-07:00,0,0
style.css,284,css,d9907e7e,siyasathaye,2026-04-08,23:52:09,-07:00,2026-04-08T23:52:09-07:00,0,0
style.css,285,css,d9907e7e,siyasathaye,2026-04-08,23:52:09,-07:00,2026-04-08T23:52:09-07:00,0,15
style.css,286,css,d9907e7e,siyasathaye,2026-04-08,23:52:09,-07:00,2026-04-08T23:52:09-07:00,1,23
style.css,287,css,d9907e7e,siyasathaye,2026-04-08,23:52:09,-07:00,2026-04-08T23:52:09-07:00,1,9
style.css,288,css,d9907e7e,siyasathaye,2026-04-08,23:52:09,-07:00,2026-04-08T23:52:09-07:00,1,15
style.css,289,css,d9907e7e,siyasathaye,2026-04-08,23:52:09,-07:00,2026-04-08T23:52:09-07:00,0,0
style.css,290,css,d9907e7e,siyasathaye,2026-04-08,23:52:09,-07:00,2026-04-08T23:52:09-07:00,0,0
style.css,291,css,d9907e7e,siyasathaye,2026-04-08,23:52:09,-07:00,2026-04-08T23:52:09-07:00,0,17
style.css,292,css,c1c1d717,siyasathaye,2026-04-17,20:09:11,-07:00,2026-04-17T20:09:11-07:00,1,53
style.css,293,css,d9907e7e,siyasathaye,2026-04-08,23:52:09,-07:00,2026-04-08T23:52:09-07:00,1,33
style.css,294,css,d9907e7e,siyasathaye,2026-04-08,23:52:09,-07:00,2026-04-08T23:52:09-07:00,0,0
style.css,295,css,d9907e7e,siyasathaye,2026-04-08,23:52:09,-07:00,2026-04-08T23:52:09-07:00,0,0
style.css,296,css,1a5f50c3,siyasathaye,2026-04-17,20:02:25,-07:00,2026-04-17T20:02:25-07:00,0,22
style.css,297,css,d9907e7e,siyasathaye,2026-04-08,23:52:09,-07:00,2026-04-08T23:52:09-07:00,1,25
style.css,298,css,d9907e7e,siyasathaye,2026-04-08,23:52:09,-07:00,2026-04-08T23:52:09-07:00,1,20
style.css,299,css,d9907e7e,siyasathaye,2026-04-08,23:52:09,-07:00,2026-04-08T23:52:09-07:00,0,0
style.css,300,css,d9907e7e,siyasathaye,2026-04-08,23:52:09,-07:00,2026-04-08T23:52:09-07:00,0,0
style.css,301,css,1a5f50c3,siyasathaye,2026-04-17,20:02:25,-07:00,2026-04-17T20:02:25-07:00,0,28
style.css,302,css,d9907e7e,siyasathaye,2026-04-08,23:52:09,-07:00,2026-04-08T23:52:09-07:00,1,25
style.css,303,css,d9907e7e,siyasathaye,2026-04-08,23:52:09,-07:00,2026-04-08T23:52:09-07:00,0,0
style.css,304,css,00000000,Not Committed Yet,2026-05-09,20:04:33,-07:00,2026-05-09T20:04:33-07:00,0,0
style.css,305,css,00000000,Not Committed Yet,2026-05-09,20:04:33,-07:00,2026-05-09T20:04:33-07:00,0,13
style.css,306,css,00000000,Not Committed Yet,2026-05-09,20:04:33,-07:00,2026-05-09T20:04:33-07:00,0,5
style.css,307,css,00000000,Not Committed Yet,2026-05-09,20:04:33,-07:00,2026-05-09T20:04:33-07:00,0,19
style.css,308,css,00000000,Not Committed Yet,2026-05-09,20:04:33,-07:00,2026-05-09T20:04:33-07:00,1,19
style.css,309,css,00000000,Not Committed Yet,2026-05-09,20:04:33,-07:00,2026-05-09T20:04:33-07:00,0,0
style.css,310,css,00000000,Not Committed Yet,2026-05-09,20:04:33,-07:00,2026-05-09T20:04:33-07:00,0,0
style.css,311,css,00000000,Not Committed Yet,2026-05-09,20:04:33,-07:00,2026-05-09T20:04:33-07:00,0,8
style.css,312,css,00000000,Not Committed Yet,2026-05-09,20:04:33,-07:00,2026-05-09T20:04:33-07:00,1,12
style.css,313,css,00000000,Not Committed Yet,2026-05-09,20:04:33,-07:00,2026-05-09T20:04:33-07:00,1,36
style.css,314,css,00000000,Not Committed Yet,2026-05-09,20:04:33,-07:00,2026-05-09T20:04:33-07:00,1,13
style.css,315,css,00000000,Not Committed Yet,2026-05-09,20:04:33,-07:00,2026-05-09T20:04:33-07:00,1,11
style.css,316,css,00000000,Not Committed Yet,2026-05-09,20:04:33,-07:00,2026-05-09T20:04:33-07:00,1,64
style.css,317,css,00000000,Not Committed Yet,2026-05-09,20:04:33,-07:00,2026-05-09T20:04:33-07:00,1,18
style.css,318,css,00000000,Not Committed Yet,2026-05-09,20:04:33,-07:00,2026-05-09T20:04:33-07:00,1,66
style.css,319,css,00000000,Not Committed Yet,2026-05-09,20:04:33,-07:00,2026-05-09T20:04:33-07:00,0,0
style.css,320,css,00000000,Not Committed Yet,2026-05-09,20:04:33,-07:00,2026-05-09T20:04:33-07:00,0,0
style.css,321,css,00000000,Not Committed Yet,2026-05-09,20:04:33,-07:00,2026-05-09T20:04:33-07:00,0,11
style.css,322,css,00000000,Not Committed Yet,2026-05-09,20:04:33,-07:00,2026-05-09T20:04:33-07:00,1,8
style.css,323,css,00000000,Not Committed Yet,2026-05-09,20:04:33,-07:00,2026-05-09T20:04:33-07:00,1,15
style.css,324,css,00000000,Not Committed Yet,2026-05-09,20:04:33,-07:00,2026-05-09T20:04:33-07:00,1,66
style.css,325,css,00000000,Not Committed Yet,2026-05-09,20:04:33,-07:00,2026-05-09T20:04:33-07:00,0,0
style.css,326,css,00000000,Not Committed Yet,2026-05-09,20:04:33,-07:00,2026-05-09T20:04:33-07:00,0,0
style.css,327,css,00000000,Not Committed Yet,2026-05-09,20:04:33,-07:00,2026-05-09T20:04:33-07:00,0,11
style.css,328,css,00000000,Not Committed Yet,2026-05-09,20:04:33,-07:00,2026-05-09T20:04:33-07:00,1,8
style.css,329,css,00000000,Not Committed Yet,2026-05-09,20:04:33,-07:00,2026-05-09T20:04:33-07:00,0,0
style.css,330,css,00000000,Not Committed Yet,2026-05-09,20:04:33,-07:00,2026-05-09T20:04:33-07:00,0,0
style.css,331,css,00000000,Not Committed Yet,2026-05-09,20:04:33,-07:00,2026-05-09T20:04:33-07:00,0,6
style.css,332,css,00000000,Not Committed Yet,2026-05-09,20:04:33,-07:00,2026-05-09T20:04:33-07:00,1,17
style.css,333,css,00000000,Not Committed Yet,2026-05-09,20:04:33,-07:00,2026-05-09T20:04:33-07:00,0,0
style.css,334,css,00000000,Not Committed Yet,2026-05-09,20:04:33,-07:00,2026-05-09T20:04:33-07:00,0,0
style.css,335,css,00000000,Not Committed Yet,2026-05-09,20:04:33,-07:00,2026-05-09T20:04:33-07:00,0,10
style.css,336,css,00000000,Not Committed Yet,2026-05-09,20:04:33,-07:00,2026-05-09T20:04:33-07:00,1,10
style.css,337,css,00000000,Not Committed Yet,2026-05-09,20:04:33,-07:00,2026-05-09T20:04:33-07:00,1,11
style.css,338,css,00000000,Not Committed Yet,2026-05-09,20:04:33,-07:00,2026-05-09T20:04:33-07:00,1,13
style.css,339,css,00000000,Not Committed Yet,2026-05-09,20:04:33,-07:00,2026-05-09T20:04:33-07:00,0,0
style.css,340,css,00000000,Not Committed Yet,2026-05-09,20:04:33,-07:00,2026-05-09T20:04:33-07:00,0,0
style.css,341,css,00000000,Not Committed Yet,2026-05-09,20:04:33,-07:00,2026-05-09T20:04:33-07:00,0,15
style.css,342,css,00000000,Not Committed Yet,2026-05-09,20:04:33,-07:00,2026-05-09T20:04:33-07:00,1,54
style.css,343,css,00000000,Not Committed Yet,2026-05-09,20:04:33,-07:00,2026-05-09T20:04:33-07:00,1,19
style.css,344,css,00000000,Not Committed Yet,2026-05-09,20:04:33,-07:00,2026-05-09T20:04:33-07:00,0,0
style.css,345,css,00000000,Not Committed Yet,2026-05-09,20:04:33,-07:00,2026-05-09T20:04:33-07:00,0,0
style.css,346,css,00000000,Not Committed Yet,2026-05-09,20:04:33,-07:00,2026-05-09T20:04:33-07:00,0,15
style.css,347,css,00000000,Not Committed Yet,2026-05-09,20:04:33,-07:00,2026-05-09T20:04:33-07:00,1,12
style.css,348,css,00000000,Not Committed Yet,2026-05-09,20:04:33,-07:00,2026-05-09T20:04:33-07:00,0,0
style.css,349,css,00000000,Not Committed Yet,2026-05-09,20:04:33,-07:00,2026-05-09T20:04:33-07:00,0,0
style.css,350,css,00000000,Not Committed Yet,2026-05-09,20:04:33,-07:00,2026-05-09T20:04:33-07:00,0,6
style.css,351,css,00000000,Not Committed Yet,2026-05-09,20:04:33,-07:00,2026-05-09T20:04:33-07:00,1,16
style.css,352,css,00000000,Not Committed Yet,2026-05-09,20:04:33,-07:00,2026-05-09T20:04:33-07:00,1,23
style.css,353,css,00000000,Not Committed Yet,2026-05-09,20:04:33,-07:00,2026-05-09T20:04:33-07:00,1,22
style.css,354,css,00000000,Not Committed Yet,2026-05-09,20:04:33,-07:00,2026-05-09T20:04:33-07:00,0,0
style.css,355,css,00000000,Not Committed Yet,2026-05-09,20:04:33,-07:00,2026-05-09T20:04:33-07:00,0,0
style.css,356,css,00000000,Not Committed Yet,2026-05-09,20:04:33,-07:00,2026-05-09T20:04:33-07:00,0,12
style.css,357,css,00000000,Not Committed Yet,2026-05-09,20:04:33,-07:00,2026-05-09T20:04:33-07:00,1,20
style.css,358,css,00000000,Not Committed Yet,2026-05-09,20:04:33,-07:00,2026-05-09T20:04:33-07:00,0,0
style.css,359,css,00000000,Not Committed Yet,2026-05-09,20:04:33,-07:00,2026-05-09T20:04:33-07:00,0,0
style.css,360,css,00000000,Not Committed Yet,2026-05-09,20:04:33,-07:00,2026-05-09T20:04:33-07:00,0,15
style.css,361,css,00000000,Not Committed Yet,2026-05-09,20:04:33,-07:00,2026-05-09T20:04:33-07:00,1,12
style.css,362,css,00000000,Not Committed Yet,2026-05-09,20:04:33,-07:00,2026-05-09T20:04:33-07:00,0,0
style.css,363,css,00000000,Not Committed Yet,2026-05-09,20:04:33,-07:00,2026-05-09T20:04:33-07:00,0,0
style.css,364,css,00000000,Not Committed Yet,2026-05-09,20:04:33,-07:00,2026-05-09T20:04:33-07:00,0,7
style.css,365,css,00000000,Not Committed Yet,2026-05-09,20:04:33,-07:00,2026-05-09T20:04:33-07:00,1,12
style.css,366,css,00000000,Not Committed Yet,2026-05-09,20:04:33,-07:00,2026-05-09T20:04:33-07:00,1,30
style.css,367,css,00000000,Not Committed Yet,2026-05-09,20:04:33,-07:00,2026-05-09T20:04:33-07:00,1,19
style.css,368,css,00000000,Not Committed Yet,2026-05-09,20:04:33,-07:00,2026-05-09T20:04:33-07:00,1,8
style.css,369,css,00000000,Not Committed Yet,2026-05-09,20:04:33,-07:00,2026-05-09T20:04:33-07:00,1,20
style.css,370,css,00000000,Not Committed Yet,2026-05-09,20:04:33,-07:00,2026-05-09T20:04:33-07:00,1,64
style.css,371,css,00000000,Not Committed Yet,2026-05-09,20:04:33,-07:00,2026-05-09T20:04:33-07:00,1,18
style.css,372,css,00000000,Not Committed Yet,2026-05-09,20:04:33,-07:00,2026-05-09T20:04:33-07:00,1,33
style.css,373,css,00000000,Not Committed Yet,2026-05-09,20:04:33,-07:00,2026-05-09T20:04:33-07:00,1,10
style.css,374,css,00000000,Not Committed Yet,2026-05-09,20:04:33,-07:00,2026-05-09T20:04:33-07:00,1,40
style.css,375,css,00000000,Not Committed Yet,2026-05-09,20:04:33,-07:00,2026-05-09T20:04:33-07:00,1,25
style.css,376,css,00000000,Not Committed Yet,2026-05-09,20:04:33,-07:00,2026-05-09T20:04:33-07:00,1,25
style.css,377,css,00000000,Not Committed Yet,2026-05-09,20:04:33,-07:00,2026-05-09T20:04:33-07:00,1,39
style.css,378,css,00000000,Not Committed Yet,2026-05-09,20:04:33,-07:00,2026-05-09T20:04:33-07:00,0,0
style.css,379,css,00000000,Not Committed Yet,2026-05-09,20:04:33,-07:00,2026-05-09T20:04:33-07:00,0,0
style.css,380,css,00000000,Not Committed Yet,2026-05-09,20:04:33,-07:00,2026-05-09T20:04:33-07:00,0,10
style.css,381,css,00000000,Not Committed Yet,2026-05-09,20:04:33,-07:00,2026-05-09T20:04:33-07:00,1,8
style.css,382,css,00000000,Not Committed Yet,2026-05-09,20:04:33,-07:00,2026-05-09T20:04:33-07:00,1,53
style.css,383,css,00000000,Not Committed Yet,2026-05-09,20:04:33,-07:00,2026-05-09T20:04:33-07:00,0,0
style.css,384,css,00000000,Not Committed Yet,2026-05-09,20:04:33,-07:00,2026-05-09T20:04:33-07:00,0,0
style.css,385,css,00000000,Not Committed Yet,2026-05-09,20:04:33,-07:00,2026-05-09T20:04:33-07:00,0,10
style.css,386,css,00000000,Not Committed Yet,2026-05-09,20:04:33,-07:00,2026-05-09T20:04:33-07:00,1,8
style.css,387,css,00000000,Not Committed Yet,2026-05-09,20:04:33,-07:00,2026-05-09T20:04:33-07:00,0,0
style.css,388,css,00000000,Not Committed Yet,2026-05-09,20:04:33,-07:00,2026-05-09T20:04:33-07:00,0,0
style.css,389,css,00000000,Not Committed Yet,2026-05-09,20:04:33,-07:00,2026-05-09T20:04:33-07:00,0,42
style.css,390,css,00000000,Not Committed Yet,2026-05-09,20:04:33,-07:00,2026-05-09T20:04:33-07:00,1,9
style.css,391,css,00000000,Not Committed Yet,2026-05-09,20:04:33,-07:00,2026-05-09T20:04:33-07:00,1,17
style.css,392,css,00000000,Not Committed Yet,2026-05-09,20:04:33,-07:00,2026-05-09T20:04:33-07:00,0,0
style.css,393,css,00000000,Not Committed Yet,2026-05-09,20:04:33,-07:00,2026-05-09T20:04:33-07:00,0,0
style.css,394,css,00000000,Not Committed Yet,2026-05-09,20:04:33,-07:00,2026-05-09T20:04:33-07:00,0,8
style.css,395,css,00000000,Not Committed Yet,2026-05-09,20:04:33,-07:00,2026-05-09T20:04:33-07:00,1,14
style.css,396,css,00000000,Not Committed Yet,2026-05-09,20:04:33,-07:00,2026-05-09T20:04:33-07:00,1,7
style.css,397,css,00000000,Not Committed Yet,2026-05-09,20:04:33,-07:00,2026-05-09T20:04:33-07:00,1,8
style.css,398,css,00000000,Not Committed Yet,2026-05-09,20:04:33,-07:00,2026-05-09T20:04:33-07:00,1,12
style.css,399,css,00000000,Not Committed Yet,2026-05-09,20:04:33,-07:00,2026-05-09T20:04:33-07:00,1,19
style.css,400,css,00000000,Not Committed Yet,2026-05-09,20:04:33,-07:00,2026-05-09T20:04:33-07:00,0,0
style.css,401,css,00000000,Not Committed Yet,2026-05-09,20:04:33,-07:00,2026-05-09T20:04:33-07:00,0,0
style.css,402,css,00000000,Not Committed Yet,2026-05-09,20:04:33,-07:00,2026-05-09T20:04:33-07:00,0,16
style.css,403,css,00000000,Not Committed Yet,2026-05-09,20:04:33,-07:00,2026-05-09T20:04:33-07:00,1,20
style.css,404,css,00000000,Not Committed Yet,2026-05-09,20:04:33,-07:00,2026-05-09T20:04:33-07:00,1,15
style.css,405,css,00000000,Not Committed Yet,2026-05-09,20:04:33,-07:00,2026-05-09T20:04:33-07:00,0,0
style.css,406,css,00000000,Not Committed Yet,2026-05-09,20:04:33,-07:00,2026-05-09T20:04:33-07:00,0,0
style.css,407,css,00000000,Not Committed Yet,2026-05-09,20:04:33,-07:00,2026-05-09T20:04:33-07:00,0,10
style.css,408,css,00000000,Not Committed Yet,2026-05-09,20:04:33,-07:00,2026-05-09T20:04:33-07:00,1,16
style.css,409,css,00000000,Not Committed Yet,2026-05-09,20:04:33,-07:00,2026-05-09T20:04:33-07:00,1,12
style.css,410,css,00000000,Not Committed Yet,2026-05-09,20:04:33,-07:00,2026-05-09T20:04:33-07:00,1,18
style.css,411,css,00000000,Not Committed Yet,2026-05-09,20:04:33,-07:00,2026-05-09T20:04:33-07:00,1,20
style.css,412,css,00000000,Not Committed Yet,2026-05-09,20:04:33,-07:00,2026-05-09T20:04:33-07:00,0,0
style.css,413,css,00000000,Not Committed Yet,2026-05-09,20:04:33,-07:00,2026-05-09T20:04:33-07:00,0,0
style.css,414,css,00000000,Not Committed Yet,2026-05-09,20:04:33,-07:00,2026-05-09T20:04:33-07:00,0,25
style.css,415,css,00000000,Not Committed Yet,2026-05-09,20:04:33,-07:00,2026-05-09T20:04:33-07:00,1,8
style.css,416,css,00000000,Not Committed Yet,2026-05-09,20:04:33,-07:00,2026-05-09T20:04:33-07:00,2,36
style.css,417,css,00000000,Not Committed Yet,2026-05-09,20:04:33,-07:00,2026-05-09T20:04:33-07:00,1,0
style.css,418,css,00000000,Not Committed Yet,2026-05-09,20:04:33,-07:00,2026-05-09T20:04:33-07:00,0,0
index.js,1,js,8f41d9cc,siyasathaye,2026-04-24,22:37:41,-07:00,2026-04-24T22:37:41-07:00,0,71
index.js,2,js,8f41d9cc,siyasathaye,2026-04-24,22:37:41,-07:00,2026-04-24T22:37:41-07:00,0,0
index.js,3,js,8f41d9cc,siyasathaye,2026-04-24,22:37:41,-07:00,2026-04-24T22:37:41-07:00,0,54
index.js,4,js,8f41d9cc,siyasathaye,2026-04-24,22:37:41,-07:00,2026-04-24T22:37:41-07:00,0,73
index.js,5,js,8f41d9cc,siyasathaye,2026-04-24,22:37:41,-07:00,2026-04-24T22:37:41-07:00,0,0
index.js,6,js,8f41d9cc,siyasathaye,2026-04-24,22:37:41,-07:00,2026-04-24T22:37:41-07:00,0,60
index.js,7,js,8f41d9cc,siyasathaye,2026-04-24,22:37:41,-07:00,2026-04-24T22:37:41-07:00,0,22
index.js,8,js,8f41d9cc,siyasathaye,2026-04-24,22:37:41,-07:00,2026-04-24T22:37:41-07:00,1,54
index.js,9,js,8f41d9cc,siyasathaye,2026-04-24,22:37:41,-07:00,2026-04-24T22:37:41-07:00,0,0
index.js,10,js,8f41d9cc,siyasathaye,2026-04-24,22:37:41,-07:00,2026-04-24T22:37:41-07:00,0,0
index.js,11,js,8f41d9cc,siyasathaye,2026-04-24,22:37:41,-07:00,2026-04-24T22:37:41-07:00,0,54
index.js,12,js,8f41d9cc,siyasathaye,2026-04-24,22:37:41,-07:00,2026-04-24T22:37:41-07:00,0,60
index.js,13,js,8f41d9cc,siyasathaye,2026-04-24,22:37:41,-07:00,2026-04-24T22:37:41-07:00,0,0
index.js,14,js,8f41d9cc,siyasathaye,2026-04-24,22:37:41,-07:00,2026-04-24T22:37:41-07:00,0,31
index.js,15,js,8f41d9cc,siyasathaye,2026-04-24,22:37:41,-07:00,2026-04-24T22:37:41-07:00,1,24
index.js,16,js,8f41d9cc,siyasathaye,2026-04-24,22:37:41,-07:00,2026-04-24T22:37:41-07:00,2,2
index.js,17,js,8f41d9cc,siyasathaye,2026-04-24,22:37:41,-07:00,2026-04-24T22:37:41-07:00,3,59
index.js,18,js,8f41d9cc,siyasathaye,2026-04-24,22:37:41,-07:00,2026-04-24T22:37:41-07:00,3,59
index.js,19,js,8f41d9cc,siyasathaye,2026-04-24,22:37:41,-07:00,2026-04-24T22:37:41-07:00,3,53
index.js,20,js,8f41d9cc,siyasathaye,2026-04-24,22:37:41,-07:00,2026-04-24T22:37:41-07:00,3,53
index.js,21,js,8f41d9cc,siyasathaye,2026-04-24,22:37:41,-07:00,2026-04-24T22:37:41-07:00,2,3
index.js,22,js,8f41d9cc,siyasathaye,2026-04-24,22:37:41,-07:00,2026-04-24T22:37:41-07:00,1,0
index.js,23,js,8f41d9cc,siyasathaye,2026-04-24,22:37:41,-07:00,2026-04-24T22:37:41-07:00,0,0
index.html,1,html,9d4780c7,siyasathaye,2026-04-02,20:55:13,-07:00,2026-04-02T20:55:13-07:00,0,13
index.html,2,html,9d4780c7,siyasathaye,2026-04-02,20:55:13,-07:00,2026-04-02T20:55:13-07:00,0,14
index.html,3,html,9d4780c7,siyasathaye,2026-04-02,20:55:13,-07:00,2026-04-02T20:55:13-07:00,0,4
index.html,4,html,9d4780c7,siyasathaye,2026-04-02,20:55:13,-07:00,2026-04-02T20:55:13-07:00,2,20
index.html,5,html,9d4780c7,siyasathaye,2026-04-02,20:55:13,-07:00,2026-04-02T20:55:13-07:00,2,68
index.html,6,html,9d4780c7,siyasathaye,2026-04-02,20:55:13,-07:00,2026-04-02T20:55:13-07:00,2,54
index.html,7,html,0b67ba0e,siyasathaye,2026-04-02,22:35:58,-07:00,2026-04-02T22:35:58-07:00,2,38
index.html,8,html,9d4780c7,siyasathaye,2026-04-02,20:55:13,-07:00,2026-04-02T20:55:13-07:00,0,5
index.html,9,html,9d4780c7,siyasathaye,2026-04-02,20:55:13,-07:00,2026-04-02T20:55:13-07:00,0,4
index.html,10,html,9d4780c7,siyasathaye,2026-04-02,20:55:13,-07:00,2026-04-02T20:55:13-07:00,2,19
index.html,11,html,9d4780c7,siyasathaye,2026-04-02,20:55:13,-07:00,2026-04-02T20:55:13-07:00,4,208
index.html,12,html,0b939275,siyasathaye,2026-04-02,21:20:15,-07:00,2026-04-02T21:20:15-07:00,4,2
index.html,13,html,0b939275,siyasathaye,2026-04-02,21:20:15,-07:00,2026-04-02T21:20:15-07:00,6,20
index.html,14,html,8f41d9cc,siyasathaye,2026-04-24,22:37:41,-07:00,2026-04-24T22:37:41-07:00,6,82
index.html,15,html,8f41d9cc,siyasathaye,2026-04-24,22:37:41,-07:00,2026-04-24T22:37:41-07:00,0,0
index.html,16,html,8f41d9cc,siyasathaye,2026-04-24,22:37:41,-07:00,2026-04-24T22:37:41-07:00,2,22
index.html,17,html,8f41d9cc,siyasathaye,2026-04-24,22:37:41,-07:00,2026-04-24T22:37:41-07:00,2,26
index.html,18,html,8f41d9cc,siyasathaye,2026-04-24,22:37:41,-07:00,2026-04-24T22:37:41-07:00,0,0
index.html,19,html,8f41d9cc,siyasathaye,2026-04-24,22:37:41,-07:00,2026-04-24T22:37:41-07:00,2,27
index.html,20,html,8f41d9cc,siyasathaye,2026-04-24,22:37:41,-07:00,2026-04-24T22:37:41-07:00,2,28
index.html,21,html,8f41d9cc,siyasathaye,2026-04-24,22:37:41,-07:00,2026-04-24T22:37:41-07:00,0,0
index.html,22,html,1a5f50c3,siyasathaye,2026-04-17,20:02:25,-07:00,2026-04-17T20:02:25-07:00,2,45
index.html,23,html,8f41d9cc,siyasathaye,2026-04-24,22:37:41,-07:00,2026-04-24T22:37:41-07:00,2,50
index.html,24,html,9d4780c7,siyasathaye,2026-04-02,20:55:13,-07:00,2026-04-02T20:55:13-07:00,0,5
index.html,25,html,d9907e7e,siyasathaye,2026-04-08,23:52:09,-07:00,2026-04-08T23:52:09-07:00,0,5
global.js,1,js,1a5f50c3,siyasathaye,2026-04-17,20:02:25,-07:00,2026-04-17T20:02:25-07:00,0,25
global.js,2,js,1a5f50c3,siyasathaye,2026-04-17,20:02:25,-07:00,2026-04-17T20:02:25-07:00,0,0
global.js,3,js,1a5f50c3,siyasathaye,2026-04-17,20:02:25,-07:00,2026-04-17T20:02:25-07:00,0,41
global.js,4,js,1a5f50c3,siyasathaye,2026-04-17,20:02:25,-07:00,2026-04-17T20:02:25-07:00,1,52
global.js,5,js,1a5f50c3,siyasathaye,2026-04-17,20:02:25,-07:00,2026-04-17T20:02:25-07:00,0,0
global.js,6,js,1a5f50c3,siyasathaye,2026-04-17,20:02:25,-07:00,2026-04-17T20:02:25-07:00,0,0
global.js,7,js,1a5f50c3,siyasathaye,2026-04-17,20:02:25,-07:00,2026-04-17T20:02:25-07:00,0,13
global.js,8,js,1a5f50c3,siyasathaye,2026-04-17,20:02:25,-07:00,2026-04-17T20:02:25-07:00,1,25
global.js,9,js,1a5f50c3,siyasathaye,2026-04-17,20:02:25,-07:00,2026-04-17T20:02:25-07:00,1,38
global.js,10,js,00000000,Not Committed Yet,2026-05-09,20:04:33,-07:00,2026-05-09T20:04:33-07:00,1,30
global.js,11,js,1a5f50c3,siyasathaye,2026-04-17,20:02:25,-07:00,2026-04-17T20:02:25-07:00,1,36
global.js,12,js,1a5f50c3,siyasathaye,2026-04-17,20:02:25,-07:00,2026-04-17T20:02:25-07:00,1,34
global.js,13,js,1a5f50c3,siyasathaye,2026-04-17,20:02:25,-07:00,2026-04-17T20:02:25-07:00,1,58
global.js,14,js,1a5f50c3,siyasathaye,2026-04-17,20:02:25,-07:00,2026-04-17T20:02:25-07:00,0,0
global.js,15,js,1a5f50c3,siyasathaye,2026-04-17,20:02:25,-07:00,2026-04-17T20:02:25-07:00,0,0
global.js,16,js,1a5f50c3,siyasathaye,2026-04-17,20:02:25,-07:00,2026-04-17T20:02:25-07:00,0,15
global.js,17,js,1a5f50c3,siyasathaye,2026-04-17,20:02:25,-07:00,2026-04-17T20:02:25-07:00,1,68
global.js,18,js,1a5f50c3,siyasathaye,2026-04-17,20:02:25,-07:00,2026-04-17T20:02:25-07:00,2,3
global.js,19,js,1a5f50c3,siyasathaye,2026-04-17,20:02:25,-07:00,2026-04-17T20:02:25-07:00,2,14
global.js,20,js,1a5f50c3,siyasathaye,2026-04-17,20:02:25,-07:00,2026-04-17T20:02:25-07:00,0,0
global.js,21,js,1a5f50c3,siyasathaye,2026-04-17,20:02:25,-07:00,2026-04-17T20:02:25-07:00,0,31
global.js,22,js,1a5f50c3,siyasathaye,2026-04-17,20:02:25,-07:00,2026-04-17T20:02:25-07:00,1,11
global.js,23,js,1a5f50c3,siyasathaye,2026-04-17,20:02:25,-07:00,2026-04-17T20:02:25-07:00,1,0
global.js,24,js,1a5f50c3,siyasathaye,2026-04-17,20:02:25,-07:00,2026-04-17T20:02:25-07:00,2,26
global.js,25,js,1a5f50c3,siyasathaye,2026-04-17,20:02:25,-07:00,2026-04-17T20:02:25-07:00,3,4
global.js,26,js,1a5f50c3,siyasathaye,2026-04-17,20:02:25,-07:00,2026-04-17T20:02:25-07:00,3,6
global.js,27,js,1a5f50c3,siyasathaye,2026-04-17,20:02:25,-07:00,2026-04-17T20:02:25-07:00,4,43
global.js,28,js,1a5f50c3,siyasathaye,2026-04-17,20:02:25,-07:00,2026-04-17T20:02:25-07:00,4,34
global.js,29,js,1a5f50c3,siyasathaye,2026-04-17,20:02:25,-07:00,2026-04-17T20:02:25-07:00,4,32
global.js,30,js,1a5f50c3,siyasathaye,2026-04-17,20:02:25,-07:00,2026-04-17T20:02:25-07:00,3,7
global.js,31,js,1a5f50c3,siyasathaye,2026-04-17,20:02:25,-07:00,2026-04-17T20:02:25-07:00,2,6
global.js,32,js,1a5f50c3,siyasathaye,2026-04-17,20:02:25,-07:00,2026-04-17T20:02:25-07:00,1,0
global.js,33,js,1a5f50c3,siyasathaye,2026-04-17,20:02:25,-07:00,2026-04-17T20:02:25-07:00,0,0
global.js,34,js,1a5f50c3,siyasathaye,2026-04-17,20:02:25,-07:00,2026-04-17T20:02:25-07:00,0,0
global.js,35,js,1a5f50c3,siyasathaye,2026-04-17,20:02:25,-07:00,2026-04-17T20:02:25-07:00,0,40
global.js,36,js,1a5f50c3,siyasathaye,2026-04-17,20:02:25,-07:00,2026-04-17T20:02:25-07:00,0,21
global.js,37,js,1a5f50c3,siyasathaye,2026-04-17,20:02:25,-07:00,2026-04-17T20:02:25-07:00,0,25
global.js,38,js,1a5f50c3,siyasathaye,2026-04-17,20:02:25,-07:00,2026-04-17T20:02:25-07:00,0,0
global.js,39,js,1a5f50c3,siyasathaye,2026-04-17,20:02:25,-07:00,2026-04-17T20:02:25-07:00,0,22
global.js,40,js,1a5f50c3,siyasathaye,2026-04-17,20:02:25,-07:00,2026-04-17T20:02:25-07:00,1,14
global.js,41,js,1a5f50c3,siyasathaye,2026-04-17,20:02:25,-07:00,2026-04-17T20:02:25-07:00,1,52
global.js,42,js,1a5f50c3,siyasathaye,2026-04-17,20:02:25,-07:00,2026-04-17T20:02:25-07:00,0,0
global.js,43,js,1a5f50c3,siyasathaye,2026-04-17,20:02:25,-07:00,2026-04-17T20:02:25-07:00,1,36
global.js,44,js,1a5f50c3,siyasathaye,2026-04-17,20:02:25,-07:00,2026-04-17T20:02:25-07:00,1,11
global.js,45,js,1a5f50c3,siyasathaye,2026-04-17,20:02:25,-07:00,2026-04-17T20:02:25-07:00,1,22
global.js,46,js,1a5f50c3,siyasathaye,2026-04-17,20:02:25,-07:00,2026-04-17T20:02:25-07:00,1,65
global.js,47,js,1a5f50c3,siyasathaye,2026-04-17,20:02:25,-07:00,2026-04-17T20:02:25-07:00,2,25
global.js,48,js,1a5f50c3,siyasathaye,2026-04-17,20:02:25,-07:00,2026-04-17T20:02:25-07:00,1,0
global.js,49,js,1a5f50c3,siyasathaye,2026-04-17,20:02:25,-07:00,2026-04-17T20:02:25-07:00,1,29
global.js,50,js,1a5f50c3,siyasathaye,2026-04-17,20:02:25,-07:00,2026-04-17T20:02:25-07:00,2,18
global.js,51,js,1a5f50c3,siyasathaye,2026-04-17,20:02:25,-07:00,2026-04-17T20:02:25-07:00,1,0
global.js,52,js,1a5f50c3,siyasathaye,2026-04-17,20:02:25,-07:00,2026-04-17T20:02:25-07:00,1,12
global.js,53,js,1a5f50c3,siyasathaye,2026-04-17,20:02:25,-07:00,2026-04-17T20:02:25-07:00,0,0
global.js,54,js,1a5f50c3,siyasathaye,2026-04-17,20:02:25,-07:00,2026-04-17T20:02:25-07:00,0,0
global.js,55,js,1a5f50c3,siyasathaye,2026-04-17,20:02:25,-07:00,2026-04-17T20:02:25-07:00,0,60
global.js,56,js,1a5f50c3,siyasathaye,2026-04-17,20:02:25,-07:00,2026-04-17T20:02:25-07:00,0,0
global.js,57,js,1a5f50c3,siyasathaye,2026-04-17,20:02:25,-07:00,2026-04-17T20:02:25-07:00,0,36
global.js,58,js,1a5f50c3,siyasathaye,2026-04-17,20:02:25,-07:00,2026-04-17T20:02:25-07:00,1,70
global.js,59,js,1a5f50c3,siyasathaye,2026-04-17,20:02:25,-07:00,2026-04-17T20:02:25-07:00,1,25
global.js,60,js,1a5f50c3,siyasathaye,2026-04-17,20:02:25,-07:00,2026-04-17T20:02:25-07:00,0,0
global.js,61,js,1a5f50c3,siyasathaye,2026-04-17,20:02:25,-07:00,2026-04-17T20:02:25-07:00,0,0
global.js,62,js,1a5f50c3,siyasathaye,2026-04-17,20:02:25,-07:00,2026-04-17T20:02:25-07:00,0,34
global.js,63,js,1a5f50c3,siyasathaye,2026-04-17,20:02:25,-07:00,2026-04-17T20:02:25-07:00,1,39
global.js,64,js,1a5f50c3,siyasathaye,2026-04-17,20:02:25,-07:00,2026-04-17T20:02:25-07:00,0,0
global.js,65,js,1a5f50c3,siyasathaye,2026-04-17,20:02:25,-07:00,2026-04-17T20:02:25-07:00,0,0
global.js,66,js,1a5f50c3,siyasathaye,2026-04-17,20:02:25,-07:00,2026-04-17T20:02:25-07:00,0,43
global.js,67,js,1a5f50c3,siyasathaye,2026-04-17,20:02:25,-07:00,2026-04-17T20:02:25-07:00,1,37
global.js,68,js,1a5f50c3,siyasathaye,2026-04-17,20:02:25,-07:00,2026-04-17T20:02:25-07:00,1,26
global.js,69,js,1a5f50c3,siyasathaye,2026-04-17,20:02:25,-07:00,2026-04-17T20:02:25-07:00,1,37
global.js,70,js,1a5f50c3,siyasathaye,2026-04-17,20:02:25,-07:00,2026-04-17T20:02:25-07:00,0,1
global.js,71,js,8f41d9cc,siyasathaye,2026-04-24,22:37:41,-07:00,2026-04-24T22:37:41-07:00,0,0
global.js,72,js,8f41d9cc,siyasathaye,2026-04-24,22:37:41,-07:00,2026-04-24T22:37:41-07:00,0,36
global.js,73,js,8f41d9cc,siyasathaye,2026-04-24,22:37:41,-07:00,2026-04-24T22:37:41-07:00,1,3
global.js,74,js,8f41d9cc,siyasathaye,2026-04-24,22:37:41,-07:00,2026-04-24T22:37:41-07:00,2,32
global.js,75,js,8f41d9cc,siyasathaye,2026-04-24,22:37:41,-07:00,2026-04-24T22:37:41-07:00,0,0
global.js,76,js,8f41d9cc,siyasathaye,2026-04-24,22:37:41,-07:00,2026-04-24T22:37:41-07:00,2,17
global.js,77,js,8f41d9cc,siyasathaye,2026-04-24,22:37:41,-07:00,2026-04-24T22:37:41-07:00,3,81
global.js,78,js,8f41d9cc,siyasathaye,2026-04-24,22:37:41,-07:00,2026-04-24T22:37:41-07:00,2,0
global.js,79,js,8f41d9cc,siyasathaye,2026-04-24,22:37:41,-07:00,2026-04-24T22:37:41-07:00,0,0
global.js,80,js,8f41d9cc,siyasathaye,2026-04-24,22:37:41,-07:00,2026-04-24T22:37:41-07:00,2,33
global.js,81,js,8f41d9cc,siyasathaye,2026-04-24,22:37:41,-07:00,2026-04-24T22:37:41-07:00,2,10
global.js,82,js,8f41d9cc,siyasathaye,2026-04-24,22:37:41,-07:00,2026-04-24T22:37:41-07:00,1,15
global.js,83,js,8f41d9cc,siyasathaye,2026-04-24,22:37:41,-07:00,2026-04-24T22:37:41-07:00,2,59
global.js,84,js,8f41d9cc,siyasathaye,2026-04-24,22:37:41,-07:00,2026-04-24T22:37:41-07:00,2,10
global.js,85,js,8f41d9cc,siyasathaye,2026-04-24,22:37:41,-07:00,2026-04-24T22:37:41-07:00,1,0
global.js,86,js,8f41d9cc,siyasathaye,2026-04-24,22:37:41,-07:00,2026-04-24T22:37:41-07:00,0,0
global.js,87,js,8f41d9cc,siyasathaye,2026-04-24,22:37:41,-07:00,2026-04-24T22:37:41-07:00,0,0
global.js,88,js,8f41d9cc,siyasathaye,2026-04-24,22:37:41,-07:00,2026-04-24T22:37:41-07:00,0,79
global.js,89,js,8f41d9cc,siyasathaye,2026-04-24,22:37:41,-07:00,2026-04-24T22:37:41-07:00,1,22
global.js,90,js,8f41d9cc,siyasathaye,2026-04-24,22:37:41,-07:00,2026-04-24T22:37:41-07:00,2,61
global.js,91,js,8f41d9cc,siyasathaye,2026-04-24,22:37:41,-07:00,2026-04-24T22:37:41-07:00,2,5
global.js,92,js,8f41d9cc,siyasathaye,2026-04-24,22:37:41,-07:00,2026-04-24T22:37:41-07:00,1,0
global.js,93,js,8f41d9cc,siyasathaye,2026-04-24,22:37:41,-07:00,2026-04-24T22:37:41-07:00,0,0
global.js,94,js,8f41d9cc,siyasathaye,2026-04-24,22:37:41,-07:00,2026-04-24T22:37:41-07:00,1,71
global.js,95,js,8f41d9cc,siyasathaye,2026-04-24,22:37:41,-07:00,2026-04-24T22:37:41-07:00,1,30
global.js,96,js,8f41d9cc,siyasathaye,2026-04-24,22:37:41,-07:00,2026-04-24T22:37:41-07:00,0,0
global.js,97,js,8f41d9cc,siyasathaye,2026-04-24,22:37:41,-07:00,2026-04-24T22:37:41-07:00,1,54
global.js,98,js,8f41d9cc,siyasathaye,2026-04-24,22:37:41,-07:00,2026-04-24T22:37:41-07:00,2,69
global.js,99,js,8f41d9cc,siyasathaye,2026-04-24,22:37:41,-07:00,2026-04-24T22:37:41-07:00,2,5
global.js,100,js,8f41d9cc,siyasathaye,2026-04-24,22:37:41,-07:00,2026-04-24T22:37:41-07:00,1,0
global.js,101,js,8f41d9cc,siyasathaye,2026-04-24,22:37:41,-07:00,2026-04-24T22:37:41-07:00,0,0
global.js,102,js,8f41d9cc,siyasathaye,2026-04-24,22:37:41,-07:00,2026-04-24T22:37:41-07:00,1,31
global.js,103,js,8f41d9cc,siyasathaye,2026-04-24,22:37:41,-07:00,2026-04-24T22:37:41-07:00,2,48
global.js,104,js,8f41d9cc,siyasathaye,2026-04-24,22:37:41,-07:00,2026-04-24T22:37:41-07:00,2,78
global.js,105,js,8f41d9cc,siyasathaye,2026-04-24,22:37:41,-07:00,2026-04-24T22:37:41-07:00,2,48
global.js,106,js,8f41d9cc,siyasathaye,2026-04-24,22:37:41,-07:00,2026-04-24T22:37:41-07:00,2,68
global.js,107,js,8ae8ca6d,siyasathaye,2026-05-01,20:24:08,-07:00,2026-05-01T20:24:08-07:00,2,46
global.js,108,js,8f41d9cc,siyasathaye,2026-04-24,22:37:41,-07:00,2026-04-24T22:37:41-07:00,2,93
global.js,109,js,8f41d9cc,siyasathaye,2026-04-24,22:37:41,-07:00,2026-04-24T22:37:41-07:00,0,0
global.js,110,js,8f41d9cc,siyasathaye,2026-04-24,22:37:41,-07:00,2026-04-24T22:37:41-07:00,2,19
global.js,111,js,8f41d9cc,siyasathaye,2026-04-24,22:37:41,-07:00,2026-04-24T22:37:41-07:00,3,41
global.js,112,js,8f41d9cc,siyasathaye,2026-04-24,22:37:41,-07:00,2026-04-24T22:37:41-07:00,3,36
global.js,113,js,8ae8ca6d,siyasathaye,2026-05-01,20:24:08,-07:00,2026-05-01T20:24:08-07:00,3,24
global.js,114,js,8ae8ca6d,siyasathaye,2026-05-01,20:24:08,-07:00,2026-05-01T20:24:08-07:00,4,19
global.js,115,js,8ae8ca6d,siyasathaye,2026-05-01,20:24:08,-07:00,2026-05-01T20:24:08-07:00,4,33
global.js,116,js,8ae8ca6d,siyasathaye,2026-05-01,20:24:08,-07:00,2026-05-01T20:24:08-07:00,3,4
global.js,117,js,8f41d9cc,siyasathaye,2026-04-24,22:37:41,-07:00,2026-04-24T22:37:41-07:00,2,0
global.js,118,js,8f41d9cc,siyasathaye,2026-04-24,22:37:41,-07:00,2026-04-24T22:37:41-07:00,0,0
global.js,119,js,8f41d9cc,siyasathaye,2026-04-24,22:37:41,-07:00,2026-04-24T22:37:41-07:00,2,36
global.js,120,js,8f41d9cc,siyasathaye,2026-04-24,22:37:41,-07:00,2026-04-24T22:37:41-07:00,1,0
global.js,121,js,8f41d9cc,siyasathaye,2026-04-24,22:37:41,-07:00,2026-04-24T22:37:41-07:00,0,0
global.js,122,js,8f41d9cc,siyasathaye,2026-04-24,22:37:41,-07:00,2026-04-24T22:37:41-07:00,0,0
global.js,123,js,8f41d9cc,siyasathaye,2026-04-24,22:37:41,-07:00,2026-04-24T22:37:41-07:00,0,47
global.js,124,js,8f41d9cc,siyasathaye,2026-04-24,22:37:41,-07:00,2026-04-24T22:37:41-07:00,1,59
global.js,125,js,8f41d9cc,siyasathaye,2026-04-24,22:37:41,-07:00,2026-04-24T22:37:41-07:00,0,0
contact/index.html,1,html,0b67ba0e,siyasathaye,2026-04-02,22:35:58,-07:00,2026-04-02T22:35:58-07:00,0,13
contact/index.html,2,html,0b67ba0e,siyasathaye,2026-04-02,22:35:58,-07:00,2026-04-02T22:35:58-07:00,0,14
contact/index.html,3,html,0b67ba0e,siyasathaye,2026-04-02,22:35:58,-07:00,2026-04-02T22:35:58-07:00,0,4
contact/index.html,4,html,0b67ba0e,siyasathaye,2026-04-02,22:35:58,-07:00,2026-04-02T22:35:58-07:00,2,20
contact/index.html,5,html,0b67ba0e,siyasathaye,2026-04-02,22:35:58,-07:00,2026-04-02T22:35:58-07:00,2,68
contact/index.html,6,html,0b67ba0e,siyasathaye,2026-04-02,22:35:58,-07:00,2026-04-02T22:35:58-07:00,2,20
contact/index.html,7,html,d9907e7e,siyasathaye,2026-04-08,23:52:09,-07:00,2026-04-08T23:52:09-07:00,2,43
contact/index.html,8,html,0b67ba0e,siyasathaye,2026-04-02,22:35:58,-07:00,2026-04-02T22:35:58-07:00,0,5
contact/index.html,9,html,0b67ba0e,siyasathaye,2026-04-02,22:35:58,-07:00,2026-04-02T22:35:58-07:00,0,4
contact/index.html,10,html,0b67ba0e,siyasathaye,2026-04-02,22:35:58,-07:00,2026-04-02T22:35:58-07:00,2,26
contact/index.html,11,html,0b67ba0e,siyasathaye,2026-04-02,22:35:58,-07:00,2026-04-02T22:35:58-07:00,4,73
contact/index.html,12,html,0b67ba0e,siyasathaye,2026-04-02,22:35:58,-07:00,2026-04-02T22:35:58-07:00,6,22
contact/index.html,13,html,0b67ba0e,siyasathaye,2026-04-02,22:35:58,-07:00,2026-04-02T22:35:58-07:00,6,40
contact/index.html,14,html,0b67ba0e,siyasathaye,2026-04-02,22:35:58,-07:00,2026-04-02T22:35:58-07:00,6,13
contact/index.html,15,html,0b67ba0e,siyasathaye,2026-04-02,22:35:58,-07:00,2026-04-02T22:35:58-07:00,6,29
contact/index.html,16,html,0b67ba0e,siyasathaye,2026-04-02,22:35:58,-07:00,2026-04-02T22:35:58-07:00,6,51
contact/index.html,17,html,d9907e7e,siyasathaye,2026-04-08,23:52:09,-07:00,2026-04-08T23:52:09-07:00,6,19
contact/index.html,18,html,0b67ba0e,siyasathaye,2026-04-02,22:35:58,-07:00,2026-04-02T22:35:58-07:00,4,5
contact/index.html,19,html,1a5f50c3,siyasathaye,2026-04-17,20:02:25,-07:00,2026-04-17T20:02:25-07:00,2,48
contact/index.html,20,html,0b67ba0e,siyasathaye,2026-04-02,22:35:58,-07:00,2026-04-02T22:35:58-07:00,0,5
contact/index.html,21,html,d9907e7e,siyasathaye,2026-04-08,23:52:09,-07:00,2026-04-08T23:52:09-07:00,0,5
projects/projects.js,1,js,8ae8ca6d,siyasathaye,2026-05-01,20:24:08,-07:00,2026-05-01T20:24:08-07:00,0,63
projects/projects.js,2,js,8f41d9cc,siyasathaye,2026-04-24,22:37:41,-07:00,2026-04-24T22:37:41-07:00,0,55
projects/projects.js,3,js,8f41d9cc,siyasathaye,2026-04-24,22:37:41,-07:00,2026-04-24T22:37:41-07:00,0,0
projects/projects.js,4,js,8ae8ca6d,siyasathaye,2026-05-01,20:24:08,-07:00,2026-05-01T20:24:08-07:00,0,63
projects/projects.js,5,js,8f41d9cc,siyasathaye,2026-04-24,22:37:41,-07:00,2026-04-24T22:37:41-07:00,0,60
projects/projects.js,6,js,8ae8ca6d,siyasathaye,2026-05-01,20:24:08,-07:00,2026-05-01T20:24:08-07:00,0,62
projects/projects.js,7,js,8ae8ca6d,siyasathaye,2026-05-01,20:24:08,-07:00,2026-05-01T20:24:08-07:00,0,55
projects/projects.js,8,js,8ae8ca6d,siyasathaye,2026-05-01,20:24:08,-07:00,2026-05-01T20:24:08-07:00,0,42
projects/projects.js,9,js,8ae8ca6d,siyasathaye,2026-05-01,20:24:08,-07:00,2026-05-01T20:24:08-07:00,0,34
projects/projects.js,10,js,8ae8ca6d,siyasathaye,2026-05-01,20:24:08,-07:00,2026-05-01T20:24:08-07:00,0,59
projects/projects.js,11,js,8ae8ca6d,siyasathaye,2026-05-01,20:24:08,-07:00,2026-05-01T20:24:08-07:00,0,52
projects/projects.js,12,js,8ae8ca6d,siyasathaye,2026-05-01,20:24:08,-07:00,2026-05-01T20:24:08-07:00,0,49
projects/projects.js,13,js,8ae8ca6d,siyasathaye,2026-05-01,20:24:08,-07:00,2026-05-01T20:24:08-07:00,0,0
projects/projects.js,14,js,8ae8ca6d,siyasathaye,2026-05-01,20:24:08,-07:00,2026-05-01T20:24:08-07:00,0,13
projects/projects.js,15,js,8ae8ca6d,siyasathaye,2026-05-01,20:24:08,-07:00,2026-05-01T20:24:08-07:00,0,22
projects/projects.js,16,js,8ae8ca6d,siyasathaye,2026-05-01,20:24:08,-07:00,2026-05-01T20:24:08-07:00,0,21
projects/projects.js,17,js,8f41d9cc,siyasathaye,2026-04-24,22:37:41,-07:00,2026-04-24T22:37:41-07:00,0,0
projects/projects.js,18,js,8ae8ca6d,siyasathaye,2026-05-01,20:24:08,-07:00,2026-05-01T20:24:08-07:00,0,35
projects/projects.js,19,js,8ae8ca6d,siyasathaye,2026-05-01,20:24:08,-07:00,2026-05-01T20:24:08-07:00,1,35
projects/projects.js,20,js,8ae8ca6d,siyasathaye,2026-05-01,20:24:08,-07:00,2026-05-01T20:24:08-07:00,2,61
projects/projects.js,21,js,8ae8ca6d,siyasathaye,2026-05-01,20:24:08,-07:00,2026-05-01T20:24:08-07:00,2,42
projects/projects.js,22,js,8ae8ca6d,siyasathaye,2026-05-01,20:24:08,-07:00,2026-05-01T20:24:08-07:00,1,1
projects/projects.js,23,js,8f41d9cc,siyasathaye,2026-04-24,22:37:41,-07:00,2026-04-24T22:37:41-07:00,0,0
projects/projects.js,24,js,8f41d9cc,siyasathaye,2026-04-24,22:37:41,-07:00,2026-04-24T22:37:41-07:00,0,0
projects/projects.js,25,js,8ae8ca6d,siyasathaye,2026-05-01,20:24:08,-07:00,2026-05-01T20:24:08-07:00,0,29
projects/projects.js,26,js,8ae8ca6d,siyasathaye,2026-05-01,20:24:08,-07:00,2026-05-01T20:24:08-07:00,1,55
projects/projects.js,27,js,8ae8ca6d,siyasathaye,2026-05-01,20:24:08,-07:00,2026-05-01T20:24:08-07:00,0,0
projects/projects.js,28,js,8ae8ca6d,siyasathaye,2026-05-01,20:24:08,-07:00,2026-05-01T20:24:08-07:00,1,18
projects/projects.js,29,js,8ae8ca6d,siyasathaye,2026-05-01,20:24:08,-07:00,2026-05-01T20:24:08-07:00,2,27
projects/projects.js,30,js,8ae8ca6d,siyasathaye,2026-05-01,20:24:08,-07:00,2026-05-01T20:24:08-07:00,1,0
projects/projects.js,31,js,8ae8ca6d,siyasathaye,2026-05-01,20:24:08,-07:00,2026-05-01T20:24:08-07:00,0,0
projects/projects.js,32,js,8ae8ca6d,siyasathaye,2026-05-01,20:24:08,-07:00,2026-05-01T20:24:08-07:00,1,86
projects/projects.js,33,js,8ae8ca6d,siyasathaye,2026-05-01,20:24:08,-07:00,2026-05-01T20:24:08-07:00,0,0
projects/projects.js,34,js,8ae8ca6d,siyasathaye,2026-05-01,20:24:08,-07:00,2026-05-01T20:24:08-07:00,0,0
projects/projects.js,35,js,8ae8ca6d,siyasathaye,2026-05-01,20:24:08,-07:00,2026-05-01T20:24:08-07:00,0,45
projects/projects.js,36,js,8ae8ca6d,siyasathaye,2026-05-01,20:24:08,-07:00,2026-05-01T20:24:08-07:00,1,19
projects/projects.js,37,js,8ae8ca6d,siyasathaye,2026-05-01,20:24:08,-07:00,2026-05-01T20:24:08-07:00,2,5
projects/projects.js,38,js,8ae8ca6d,siyasathaye,2026-05-01,20:24:08,-07:00,2026-05-01T20:24:08-07:00,1,0
projects/projects.js,39,js,8ae8ca6d,siyasathaye,2026-05-01,20:24:08,-07:00,2026-05-01T20:24:08-07:00,0,0
projects/projects.js,40,js,8ae8ca6d,siyasathaye,2026-05-01,20:24:08,-07:00,2026-05-01T20:24:08-07:00,1,65
projects/projects.js,41,js,8ae8ca6d,siyasathaye,2026-05-01,20:24:08,-07:00,2026-05-01T20:24:08-07:00,0,0
projects/projects.js,42,js,8ae8ca6d,siyasathaye,2026-05-01,20:24:08,-07:00,2026-05-01T20:24:08-07:00,0,0
projects/projects.js,43,js,8ae8ca6d,siyasathaye,2026-05-01,20:24:08,-07:00,2026-05-01T20:24:08-07:00,0,38
projects/projects.js,44,js,8ae8ca6d,siyasathaye,2026-05-01,20:24:08,-07:00,2026-05-01T20:24:08-07:00,1,28
projects/projects.js,45,js,8ae8ca6d,siyasathaye,2026-05-01,20:24:08,-07:00,2026-05-01T20:24:08-07:00,2,12
projects/projects.js,46,js,8ae8ca6d,siyasathaye,2026-05-01,20:24:08,-07:00,2026-05-01T20:24:08-07:00,2,22
projects/projects.js,47,js,8ae8ca6d,siyasathaye,2026-05-01,20:24:08,-07:00,2026-05-01T20:24:08-07:00,2,32
projects/projects.js,48,js,8ae8ca6d,siyasathaye,2026-05-01,20:24:08,-07:00,2026-05-01T20:24:08-07:00,1,0
projects/projects.js,49,js,8ae8ca6d,siyasathaye,2026-05-01,20:24:08,-07:00,2026-05-01T20:24:08-07:00,0,0
projects/projects.js,50,js,8ae8ca6d,siyasathaye,2026-05-01,20:24:08,-07:00,2026-05-01T20:24:08-07:00,1,47
projects/projects.js,51,js,8ae8ca6d,siyasathaye,2026-05-01,20:24:08,-07:00,2026-05-01T20:24:08-07:00,2,11
projects/projects.js,52,js,8ae8ca6d,siyasathaye,2026-05-01,20:24:08,-07:00,2026-05-01T20:24:08-07:00,2,10
projects/projects.js,53,js,8ae8ca6d,siyasathaye,2026-05-01,20:24:08,-07:00,2026-05-01T20:24:08-07:00,1,2
projects/projects.js,54,js,8ae8ca6d,siyasathaye,2026-05-01,20:24:08,-07:00,2026-05-01T20:24:08-07:00,0,0
projects/projects.js,55,js,8ae8ca6d,siyasathaye,2026-05-01,20:24:08,-07:00,2026-05-01T20:24:08-07:00,1,82
projects/projects.js,56,js,8ae8ca6d,siyasathaye,2026-05-01,20:24:08,-07:00,2026-05-01T20:24:08-07:00,1,41
projects/projects.js,57,js,8ae8ca6d,siyasathaye,2026-05-01,20:24:08,-07:00,2026-05-01T20:24:08-07:00,2,18
projects/projects.js,58,js,8ae8ca6d,siyasathaye,2026-05-01,20:24:08,-07:00,2026-05-01T20:24:08-07:00,1,0
projects/projects.js,59,js,8ae8ca6d,siyasathaye,2026-05-01,20:24:08,-07:00,2026-05-01T20:24:08-07:00,0,0
projects/projects.js,60,js,8ae8ca6d,siyasathaye,2026-05-01,20:24:08,-07:00,2026-05-01T20:24:08-07:00,1,29
projects/projects.js,61,js,8ae8ca6d,siyasathaye,2026-05-01,20:24:08,-07:00,2026-05-01T20:24:08-07:00,1,30
projects/projects.js,62,js,8ae8ca6d,siyasathaye,2026-05-01,20:24:08,-07:00,2026-05-01T20:24:08-07:00,0,0
projects/projects.js,63,js,8ae8ca6d,siyasathaye,2026-05-01,20:24:08,-07:00,2026-05-01T20:24:08-07:00,1,60
projects/projects.js,64,js,8ae8ca6d,siyasathaye,2026-05-01,20:24:08,-07:00,2026-05-01T20:24:08-07:00,0,0
projects/projects.js,65,js,8ae8ca6d,siyasathaye,2026-05-01,20:24:08,-07:00,2026-05-01T20:24:08-07:00,1,28
projects/projects.js,66,js,8ae8ca6d,siyasathaye,2026-05-01,20:24:08,-07:00,2026-05-01T20:24:08-07:00,2,1
projects/projects.js,67,js,8ae8ca6d,siyasathaye,2026-05-01,20:24:08,-07:00,2026-05-01T20:24:08-07:00,3,13
projects/projects.js,68,js,8ae8ca6d,siyasathaye,2026-05-01,20:24:08,-07:00,2026-05-01T20:24:08-07:00,3,13
projects/projects.js,69,js,8ae8ca6d,siyasathaye,2026-05-01,20:24:08,-07:00,2026-05-01T20:24:08-07:00,3,26
projects/projects.js,70,js,8ae8ca6d,siyasathaye,2026-05-01,20:24:08,-07:00,2026-05-01T20:24:08-07:00,3,57
projects/projects.js,71,js,8ae8ca6d,siyasathaye,2026-05-01,20:24:08,-07:00,2026-05-01T20:24:08-07:00,3,18
projects/projects.js,72,js,8ae8ca6d,siyasathaye,2026-05-01,20:24:08,-07:00,2026-05-01T20:24:08-07:00,4,75
projects/projects.js,73,js,8ae8ca6d,siyasathaye,2026-05-01,20:24:08,-07:00,2026-05-01T20:24:08-07:00,4,11
projects/projects.js,74,js,8ae8ca6d,siyasathaye,2026-05-01,20:24:08,-07:00,2026-05-01T20:24:08-07:00,3,1
projects/projects.js,75,js,8ae8ca6d,siyasathaye,2026-05-01,20:24:08,-07:00,2026-05-01T20:24:08-07:00,1,1
projects/projects.js,76,js,8ae8ca6d,siyasathaye,2026-05-01,20:24:08,-07:00,2026-05-01T20:24:08-07:00,0,0
projects/projects.js,77,js,8ae8ca6d,siyasathaye,2026-05-01,20:24:08,-07:00,2026-05-01T20:24:08-07:00,1,26
projects/projects.js,78,js,8ae8ca6d,siyasathaye,2026-05-01,20:24:08,-07:00,2026-05-01T20:24:08-07:00,2,4
projects/projects.js,79,js,8ae8ca6d,siyasathaye,2026-05-01,20:24:08,-07:00,2026-05-01T20:24:08-07:00,3,11
projects/projects.js,80,js,8ae8ca6d,siyasathaye,2026-05-01,20:24:08,-07:00,2026-05-01T20:24:08-07:00,3,40
projects/projects.js,81,js,8ae8ca6d,siyasathaye,2026-05-01,20:24:08,-07:00,2026-05-01T20:24:08-07:00,3,78
projects/projects.js,82,js,8ae8ca6d,siyasathaye,2026-05-01,20:24:08,-07:00,2026-05-01T20:24:08-07:00,3,68
projects/projects.js,83,js,8ae8ca6d,siyasathaye,2026-05-01,20:24:08,-07:00,2026-05-01T20:24:08-07:00,3,18
projects/projects.js,84,js,8ae8ca6d,siyasathaye,2026-05-01,20:24:08,-07:00,2026-05-01T20:24:08-07:00,4,55
projects/projects.js,85,js,8ae8ca6d,siyasathaye,2026-05-01,20:24:08,-07:00,2026-05-01T20:24:08-07:00,4,11
projects/projects.js,86,js,8ae8ca6d,siyasathaye,2026-05-01,20:24:08,-07:00,2026-05-01T20:24:08-07:00,3,1
projects/projects.js,87,js,8ae8ca6d,siyasathaye,2026-05-01,20:24:08,-07:00,2026-05-01T20:24:08-07:00,1,1
projects/projects.js,88,js,8f41d9cc,siyasathaye,2026-04-24,22:37:41,-07:00,2026-04-24T22:37:41-07:00,0,0
projects/projects.js,89,js,8ae8ca6d,siyasathaye,2026-05-01,20:24:08,-07:00,2026-05-01T20:24:08-07:00,0,0
projects/projects.js,90,js,8ae8ca6d,siyasathaye,2026-05-01,20:24:08,-07:00,2026-05-01T20:24:08-07:00,0,21
projects/projects.js,91,js,8ae8ca6d,siyasathaye,2026-05-01,20:24:08,-07:00,2026-05-01T20:24:08-07:00,1,55
projects/projects.js,92,js,8ae8ca6d,siyasathaye,2026-05-01,20:24:08,-07:00,2026-05-01T20:24:08-07:00,1,43
projects/projects.js,93,js,8ae8ca6d,siyasathaye,2026-05-01,20:24:08,-07:00,2026-05-01T20:24:08-07:00,0,0
projects/projects.js,94,js,8ae8ca6d,siyasathaye,2026-05-01,20:24:08,-07:00,2026-05-01T20:24:08-07:00,1,55
projects/projects.js,95,js,8ae8ca6d,siyasathaye,2026-05-01,20:24:08,-07:00,2026-05-01T20:24:08-07:00,1,36
projects/projects.js,96,js,8ae8ca6d,siyasathaye,2026-05-01,20:24:08,-07:00,2026-05-01T20:24:08-07:00,1,35
projects/projects.js,97,js,8ae8ca6d,siyasathaye,2026-05-01,20:24:08,-07:00,2026-05-01T20:24:08-07:00,0,0
projects/projects.js,98,js,8ae8ca6d,siyasathaye,2026-05-01,20:24:08,-07:00,2026-05-01T20:24:08-07:00,0,0
projects/projects.js,99,js,8ae8ca6d,siyasathaye,2026-05-01,20:24:08,-07:00,2026-05-01T20:24:08-07:00,0,16
projects/projects.js,100,js,8ae8ca6d,siyasathaye,2026-05-01,20:24:08,-07:00,2026-05-01T20:24:08-07:00,1,48
projects/projects.js,101,js,8ae8ca6d,siyasathaye,2026-05-01,20:24:08,-07:00,2026-05-01T20:24:08-07:00,2,25
projects/projects.js,102,js,8ae8ca6d,siyasathaye,2026-05-01,20:24:08,-07:00,2026-05-01T20:24:08-07:00,2,11
projects/projects.js,103,js,8ae8ca6d,siyasathaye,2026-05-01,20:24:08,-07:00,2026-05-01T20:24:08-07:00,1,1
projects/projects.js,104,js,8ae8ca6d,siyasathaye,2026-05-01,20:24:08,-07:00,2026-05-01T20:24:08-07:00,0,0
projects/projects.js,105,js,8ae8ca6d,siyasathaye,2026-05-01,20:24:08,-07:00,2026-05-01T20:24:08-07:00,0,0
projects/projects.js,106,js,8ae8ca6d,siyasathaye,2026-05-01,20:24:08,-07:00,2026-05-01T20:24:08-07:00,0,11
projects/index.html,1,html,0b67ba0e,siyasathaye,2026-04-02,22:35:58,-07:00,2026-04-02T22:35:58-07:00,0,13
projects/index.html,2,html,0b67ba0e,siyasathaye,2026-04-02,22:35:58,-07:00,2026-04-02T22:35:58-07:00,0,14
projects/index.html,3,html,0b67ba0e,siyasathaye,2026-04-02,22:35:58,-07:00,2026-04-02T22:35:58-07:00,0,4
projects/index.html,4,html,0b67ba0e,siyasathaye,2026-04-02,22:35:58,-07:00,2026-04-02T22:35:58-07:00,2,22
projects/index.html,5,html,0b67ba0e,siyasathaye,2026-04-02,22:35:58,-07:00,2026-04-02T22:35:58-07:00,2,70
projects/index.html,6,html,0b67ba0e,siyasathaye,2026-04-02,22:35:58,-07:00,2026-04-02T22:35:58-07:00,2,21
projects/index.html,7,html,d9907e7e,siyasathaye,2026-04-08,23:52:09,-07:00,2026-04-08T23:52:09-07:00,2,43
projects/index.html,8,html,0b67ba0e,siyasathaye,2026-04-02,22:35:58,-07:00,2026-04-02T22:35:58-07:00,0,5
projects/index.html,9,html,0b67ba0e,siyasathaye,2026-04-02,22:35:58,-07:00,2026-04-02T22:35:58-07:00,0,4
projects/index.html,10,html,8f41d9cc,siyasathaye,2026-04-24,22:37:41,-07:00,2026-04-24T22:37:41-07:00,2,38
projects/index.html,11,html,8ae8ca6d,siyasathaye,2026-05-01,20:24:08,-07:00,2026-05-01T20:24:08-07:00,2,33
projects/index.html,12,html,8ae8ca6d,siyasathaye,2026-05-01,20:24:08,-07:00,2026-05-01T20:24:08-07:00,4,99
projects/index.html,13,html,8ae8ca6d,siyasathaye,2026-05-01,20:24:08,-07:00,2026-05-01T20:24:08-07:00,4,60
projects/index.html,14,html,8ae8ca6d,siyasathaye,2026-05-01,20:24:08,-07:00,2026-05-01T20:24:08-07:00,2,4
projects/index.html,15,html,8ae8ca6d,siyasathaye,2026-05-01,20:24:08,-07:00,2026-05-01T20:24:08-07:00,2,4
projects/index.html,16,html,8ae8ca6d,siyasathaye,2026-05-01,20:24:08,-07:00,2026-05-01T20:24:08-07:00,4,15
projects/index.html,17,html,8ae8ca6d,siyasathaye,2026-05-01,20:24:08,-07:00,2026-05-01T20:24:08-07:00,4,11
projects/index.html,18,html,8ae8ca6d,siyasathaye,2026-05-01,20:24:08,-07:00,2026-05-01T20:24:08-07:00,4,26
projects/index.html,19,html,8ae8ca6d,siyasathaye,2026-05-01,20:24:08,-07:00,2026-05-01T20:24:08-07:00,4,28
projects/index.html,20,html,8ae8ca6d,siyasathaye,2026-05-01,20:24:08,-07:00,2026-05-01T20:24:08-07:00,2,0
projects/index.html,21,html,8f41d9cc,siyasathaye,2026-04-24,22:37:41,-07:00,2026-04-24T22:37:41-07:00,2,34
projects/index.html,22,html,1a5f50c3,siyasathaye,2026-04-17,20:02:25,-07:00,2026-04-17T20:02:25-07:00,2,48
projects/index.html,23,html,8f41d9cc,siyasathaye,2026-04-24,22:37:41,-07:00,2026-04-24T22:37:41-07:00,2,47
projects/index.html,24,html,0b67ba0e,siyasathaye,2026-04-02,22:35:58,-07:00,2026-04-02T22:35:58-07:00,0,5
projects/index.html,25,html,d9907e7e,siyasathaye,2026-04-08,23:52:09,-07:00,2026-04-08T23:52:09-07:00,0,5
resume/index.html,1,html,0b67ba0e,siyasathaye,2026-04-02,22:35:58,-07:00,2026-04-02T22:35:58-07:00,0,13
resume/index.html,2,html,0b67ba0e,siyasathaye,2026-04-02,22:35:58,-07:00,2026-04-02T22:35:58-07:00,0,14
resume/index.html,3,html,0b67ba0e,siyasathaye,2026-04-02,22:35:58,-07:00,2026-04-02T22:35:58-07:00,0,4
resume/index.html,4,html,0b67ba0e,siyasathaye,2026-04-02,22:35:58,-07:00,2026-04-02T22:35:58-07:00,2,20
resume/index.html,5,html,0b67ba0e,siyasathaye,2026-04-02,22:35:58,-07:00,2026-04-02T22:35:58-07:00,2,68
resume/index.html,6,html,99b93377,siyasathaye,2026-04-02,23:06:18,-07:00,2026-04-02T23:06:18-07:00,2,19
resume/index.html,7,html,d9907e7e,siyasathaye,2026-04-08,23:52:09,-07:00,2026-04-08T23:52:09-07:00,2,43
resume/index.html,8,html,0b67ba0e,siyasathaye,2026-04-02,22:35:58,-07:00,2026-04-02T22:35:58-07:00,0,5
resume/index.html,9,html,d9907e7e,siyasathaye,2026-04-08,23:52:09,-07:00,2026-04-08T23:52:09-07:00,0,24
resume/index.html,10,html,0b67ba0e,siyasathaye,2026-04-02,22:35:58,-07:00,2026-04-02T22:35:58-07:00,2,13
resume/index.html,11,html,0b67ba0e,siyasathaye,2026-04-02,22:35:58,-07:00,2026-04-02T22:35:58-07:00,2,7
resume/index.html,12,html,0b67ba0e,siyasathaye,2026-04-02,22:35:58,-07:00,2026-04-02T22:35:58-07:00,4,16
resume/index.html,13,html,0b67ba0e,siyasathaye,2026-04-02,22:35:58,-07:00,2026-04-02T22:35:58-07:00,4,7
resume/index.html,14,html,0b67ba0e,siyasathaye,2026-04-02,22:35:58,-07:00,2026-04-02T22:35:58-07:00,6,42
resume/index.html,15,html,0b67ba0e,siyasathaye,2026-04-02,22:35:58,-07:00,2026-04-02T22:35:58-07:00,6,22
resume/index.html,16,html,0b67ba0e,siyasathaye,2026-04-02,22:35:58,-07:00,2026-04-02T22:35:58-07:00,6,1
resume/index.html,17,html,0b67ba0e,siyasathaye,2026-04-02,22:35:58,-07:00,2026-04-02T22:35:58-07:00,8,40
resume/index.html,18,html,0b67ba0e,siyasathaye,2026-04-02,22:35:58,-07:00,2026-04-02T22:35:58-07:00,8,40
resume/index.html,19,html,0b67ba0e,siyasathaye,2026-04-02,22:35:58,-07:00,2026-04-02T22:35:58-07:00,6,2
resume/index.html,20,html,0b67ba0e,siyasathaye,2026-04-02,22:35:58,-07:00,2026-04-02T22:35:58-07:00,6,19
resume/index.html,21,html,0b67ba0e,siyasathaye,2026-04-02,22:35:58,-07:00,2026-04-02T22:35:58-07:00,6,1
resume/index.html,22,html,0b67ba0e,siyasathaye,2026-04-02,22:35:58,-07:00,2026-04-02T22:35:58-07:00,8,58
resume/index.html,23,html,0b67ba0e,siyasathaye,2026-04-02,22:35:58,-07:00,2026-04-02T22:35:58-07:00,8,67
resume/index.html,24,html,0b67ba0e,siyasathaye,2026-04-02,22:35:58,-07:00,2026-04-02T22:35:58-07:00,8,43
resume/index.html,25,html,0b67ba0e,siyasathaye,2026-04-02,22:35:58,-07:00,2026-04-02T22:35:58-07:00,6,2
resume/index.html,26,html,0b67ba0e,siyasathaye,2026-04-02,22:35:58,-07:00,2026-04-02T22:35:58-07:00,4,8
resume/index.html,27,html,0b67ba0e,siyasathaye,2026-04-02,22:35:58,-07:00,2026-04-02T22:35:58-07:00,2,8
resume/index.html,28,html,0b67ba0e,siyasathaye,2026-04-02,22:35:58,-07:00,2026-04-02T22:35:58-07:00,0,0
resume/index.html,29,html,0b67ba0e,siyasathaye,2026-04-02,22:35:58,-07:00,2026-04-02T22:35:58-07:00,4,7
resume/index.html,30,html,0b67ba0e,siyasathaye,2026-04-02,22:35:58,-07:00,2026-04-02T22:35:58-07:00,6,23
resume/index.html,31,html,0b67ba0e,siyasathaye,2026-04-02,22:35:58,-07:00,2026-04-02T22:35:58-07:00,6,7
resume/index.html,32,html,0b67ba0e,siyasathaye,2026-04-02,22:35:58,-07:00,2026-04-02T22:35:58-07:00,8,2
resume/index.html,33,html,0b67ba0e,siyasathaye,2026-04-02,22:35:58,-07:00,2026-04-02T22:35:58-07:00,10,52
resume/index.html,34,html,0b67ba0e,siyasathaye,2026-04-02,22:35:58,-07:00,2026-04-02T22:35:58-07:00,10,122
resume/index.html,35,html,0b67ba0e,siyasathaye,2026-04-02,22:35:58,-07:00,2026-04-02T22:35:58-07:00,10,126
resume/index.html,36,html,0b67ba0e,siyasathaye,2026-04-02,22:35:58,-07:00,2026-04-02T22:35:58-07:00,10,88
resume/index.html,37,html,0b67ba0e,siyasathaye,2026-04-02,22:35:58,-07:00,2026-04-02T22:35:58-07:00,10,128
resume/index.html,38,html,0b67ba0e,siyasathaye,2026-04-02,22:35:58,-07:00,2026-04-02T22:35:58-07:00,8,3
resume/index.html,39,html,0b67ba0e,siyasathaye,2026-04-02,22:35:58,-07:00,2026-04-02T22:35:58-07:00,6,8
resume/index.html,40,html,0b67ba0e,siyasathaye,2026-04-02,22:35:58,-07:00,2026-04-02T22:35:58-07:00,4,8
resume/index.html,41,html,0b67ba0e,siyasathaye,2026-04-02,22:35:58,-07:00,2026-04-02T22:35:58-07:00,0,0
resume/index.html,42,html,0b67ba0e,siyasathaye,2026-04-02,22:35:58,-07:00,2026-04-02T22:35:58-07:00,4,7
resume/index.html,43,html,0b67ba0e,siyasathaye,2026-04-02,22:35:58,-07:00,2026-04-02T22:35:58-07:00,6,36
resume/index.html,44,html,0b67ba0e,siyasathaye,2026-04-02,22:35:58,-07:00,2026-04-02T22:35:58-07:00,0,0
resume/index.html,45,html,0b67ba0e,siyasathaye,2026-04-02,22:35:58,-07:00,2026-04-02T22:35:58-07:00,6,7
resume/index.html,46,html,0b67ba0e,siyasathaye,2026-04-02,22:35:58,-07:00,2026-04-02T22:35:58-07:00,8,68
resume/index.html,47,html,0b67ba0e,siyasathaye,2026-04-02,22:35:58,-07:00,2026-04-02T22:35:58-07:00,8,1
resume/index.html,48,html,0b67ba0e,siyasathaye,2026-04-02,22:35:58,-07:00,2026-04-02T22:35:58-07:00,10,41
resume/index.html,49,html,0b67ba0e,siyasathaye,2026-04-02,22:35:58,-07:00,2026-04-02T22:35:58-07:00,10,37
resume/index.html,50,html,0b67ba0e,siyasathaye,2026-04-02,22:35:58,-07:00,2026-04-02T22:35:58-07:00,8,2
resume/index.html,51,html,0b67ba0e,siyasathaye,2026-04-02,22:35:58,-07:00,2026-04-02T22:35:58-07:00,8,2
resume/index.html,52,html,0b67ba0e,siyasathaye,2026-04-02,22:35:58,-07:00,2026-04-02T22:35:58-07:00,10,126
resume/index.html,53,html,0b67ba0e,siyasathaye,2026-04-02,22:35:58,-07:00,2026-04-02T22:35:58-07:00,10,105
resume/index.html,54,html,0b67ba0e,siyasathaye,2026-04-02,22:35:58,-07:00,2026-04-02T22:35:58-07:00,10,98
resume/index.html,55,html,0b67ba0e,siyasathaye,2026-04-02,22:35:58,-07:00,2026-04-02T22:35:58-07:00,10,89
resume/index.html,56,html,0b67ba0e,siyasathaye,2026-04-02,22:35:58,-07:00,2026-04-02T22:35:58-07:00,10,85
resume/index.html,57,html,0b67ba0e,siyasathaye,2026-04-02,22:35:58,-07:00,2026-04-02T22:35:58-07:00,8,3
resume/index.html,58,html,0b67ba0e,siyasathaye,2026-04-02,22:35:58,-07:00,2026-04-02T22:35:58-07:00,6,8
resume/index.html,59,html,0b67ba0e,siyasathaye,2026-04-02,22:35:58,-07:00,2026-04-02T22:35:58-07:00,0,0
resume/index.html,60,html,0b67ba0e,siyasathaye,2026-04-02,22:35:58,-07:00,2026-04-02T22:35:58-07:00,6,7
resume/index.html,61,html,0b67ba0e,siyasathaye,2026-04-02,22:35:58,-07:00,2026-04-02T22:35:58-07:00,8,33
resume/index.html,62,html,0b67ba0e,siyasathaye,2026-04-02,22:35:58,-07:00,2026-04-02T22:35:58-07:00,8,1
resume/index.html,63,html,0b67ba0e,siyasathaye,2026-04-02,22:35:58,-07:00,2026-04-02T22:35:58-07:00,10,41
resume/index.html,64,html,0b67ba0e,siyasathaye,2026-04-02,22:35:58,-07:00,2026-04-02T22:35:58-07:00,8,2
resume/index.html,65,html,0b67ba0e,siyasathaye,2026-04-02,22:35:58,-07:00,2026-04-02T22:35:58-07:00,8,2
resume/index.html,66,html,0b67ba0e,siyasathaye,2026-04-02,22:35:58,-07:00,2026-04-02T22:35:58-07:00,10,77
resume/index.html,67,html,0b67ba0e,siyasathaye,2026-04-02,22:35:58,-07:00,2026-04-02T22:35:58-07:00,10,106
resume/index.html,68,html,0b67ba0e,siyasathaye,2026-04-02,22:35:58,-07:00,2026-04-02T22:35:58-07:00,10,92
resume/index.html,69,html,0b67ba0e,siyasathaye,2026-04-02,22:35:58,-07:00,2026-04-02T22:35:58-07:00,10,105
resume/index.html,70,html,0b67ba0e,siyasathaye,2026-04-02,22:35:58,-07:00,2026-04-02T22:35:58-07:00,8,3
resume/index.html,71,html,0b67ba0e,siyasathaye,2026-04-02,22:35:58,-07:00,2026-04-02T22:35:58-07:00,6,8
resume/index.html,72,html,0b67ba0e,siyasathaye,2026-04-02,22:35:58,-07:00,2026-04-02T22:35:58-07:00,0,0
resume/index.html,73,html,0b67ba0e,siyasathaye,2026-04-02,22:35:58,-07:00,2026-04-02T22:35:58-07:00,6,7
resume/index.html,74,html,0b67ba0e,siyasathaye,2026-04-02,22:35:58,-07:00,2026-04-02T22:35:58-07:00,8,53
resume/index.html,75,html,0b67ba0e,siyasathaye,2026-04-02,22:35:58,-07:00,2026-04-02T22:35:58-07:00,8,1
resume/index.html,76,html,0b67ba0e,siyasathaye,2026-04-02,22:35:58,-07:00,2026-04-02T22:35:58-07:00,10,36
resume/index.html,77,html,0b67ba0e,siyasathaye,2026-04-02,22:35:58,-07:00,2026-04-02T22:35:58-07:00,8,2
resume/index.html,78,html,0b67ba0e,siyasathaye,2026-04-02,22:35:58,-07:00,2026-04-02T22:35:58-07:00,8,2
resume/index.html,79,html,0b67ba0e,siyasathaye,2026-04-02,22:35:58,-07:00,2026-04-02T22:35:58-07:00,10,97
resume/index.html,80,html,0b67ba0e,siyasathaye,2026-04-02,22:35:58,-07:00,2026-04-02T22:35:58-07:00,10,98
resume/index.html,81,html,0b67ba0e,siyasathaye,2026-04-02,22:35:58,-07:00,2026-04-02T22:35:58-07:00,10,109
resume/index.html,82,html,0b67ba0e,siyasathaye,2026-04-02,22:35:58,-07:00,2026-04-02T22:35:58-07:00,10,65
resume/index.html,83,html,0b67ba0e,siyasathaye,2026-04-02,22:35:58,-07:00,2026-04-02T22:35:58-07:00,8,3
resume/index.html,84,html,0b67ba0e,siyasathaye,2026-04-02,22:35:58,-07:00,2026-04-02T22:35:58-07:00,6,8
resume/index.html,85,html,0b67ba0e,siyasathaye,2026-04-02,22:35:58,-07:00,2026-04-02T22:35:58-07:00,0,0
resume/index.html,86,html,0b67ba0e,siyasathaye,2026-04-02,22:35:58,-07:00,2026-04-02T22:35:58-07:00,6,7
resume/index.html,87,html,0b67ba0e,siyasathaye,2026-04-02,22:35:58,-07:00,2026-04-02T22:35:58-07:00,8,38
resume/index.html,88,html,0b67ba0e,siyasathaye,2026-04-02,22:35:58,-07:00,2026-04-02T22:35:58-07:00,8,1
resume/index.html,89,html,0b67ba0e,siyasathaye,2026-04-02,22:35:58,-07:00,2026-04-02T22:35:58-07:00,10,36
resume/index.html,90,html,0b67ba0e,siyasathaye,2026-04-02,22:35:58,-07:00,2026-04-02T22:35:58-07:00,8,2
resume/index.html,91,html,0b67ba0e,siyasathaye,2026-04-02,22:35:58,-07:00,2026-04-02T22:35:58-07:00,8,2
resume/index.html,92,html,0b67ba0e,siyasathaye,2026-04-02,22:35:58,-07:00,2026-04-02T22:35:58-07:00,10,70
resume/index.html,93,html,0b67ba0e,siyasathaye,2026-04-02,22:35:58,-07:00,2026-04-02T22:35:58-07:00,10,75
resume/index.html,94,html,0b67ba0e,siyasathaye,2026-04-02,22:35:58,-07:00,2026-04-02T22:35:58-07:00,10,68
resume/index.html,95,html,0b67ba0e,siyasathaye,2026-04-02,22:35:58,-07:00,2026-04-02T22:35:58-07:00,8,3
resume/index.html,96,html,0b67ba0e,siyasathaye,2026-04-02,22:35:58,-07:00,2026-04-02T22:35:58-07:00,6,8
resume/index.html,97,html,0b67ba0e,siyasathaye,2026-04-02,22:35:58,-07:00,2026-04-02T22:35:58-07:00,6,7
resume/index.html,98,html,0b67ba0e,siyasathaye,2026-04-02,22:35:58,-07:00,2026-04-02T22:35:58-07:00,8,49
resume/index.html,99,html,0b67ba0e,siyasathaye,2026-04-02,22:35:58,-07:00,2026-04-02T22:35:58-07:00,8,1
resume/index.html,100,html,0b67ba0e,siyasathaye,2026-04-02,22:35:58,-07:00,2026-04-02T22:35:58-07:00,10,38
resume/index.html,101,html,0b67ba0e,siyasathaye,2026-04-02,22:35:58,-07:00,2026-04-02T22:35:58-07:00,8,2
resume/index.html,102,html,0b67ba0e,siyasathaye,2026-04-02,22:35:58,-07:00,2026-04-02T22:35:58-07:00,8,2
resume/index.html,103,html,0b67ba0e,siyasathaye,2026-04-02,22:35:58,-07:00,2026-04-02T22:35:58-07:00,10,94
resume/index.html,104,html,0b67ba0e,siyasathaye,2026-04-02,22:35:58,-07:00,2026-04-02T22:35:58-07:00,10,83
resume/index.html,105,html,0b67ba0e,siyasathaye,2026-04-02,22:35:58,-07:00,2026-04-02T22:35:58-07:00,10,76
resume/index.html,106,html,0b67ba0e,siyasathaye,2026-04-02,22:35:58,-07:00,2026-04-02T22:35:58-07:00,8,3
resume/index.html,107,html,0b67ba0e,siyasathaye,2026-04-02,22:35:58,-07:00,2026-04-02T22:35:58-07:00,6,8
resume/index.html,108,html,0b67ba0e,siyasathaye,2026-04-02,22:35:58,-07:00,2026-04-02T22:35:58-07:00,6,7
resume/index.html,109,html,0b67ba0e,siyasathaye,2026-04-02,22:35:58,-07:00,2026-04-02T22:35:58-07:00,8,39
resume/index.html,110,html,0b67ba0e,siyasathaye,2026-04-02,22:35:58,-07:00,2026-04-02T22:35:58-07:00,8,1
resume/index.html,111,html,0b67ba0e,siyasathaye,2026-04-02,22:35:58,-07:00,2026-04-02T22:35:58-07:00,10,38
resume/index.html,112,html,0b67ba0e,siyasathaye,2026-04-02,22:35:58,-07:00,2026-04-02T22:35:58-07:00,8,2
resume/index.html,113,html,0b67ba0e,siyasathaye,2026-04-02,22:35:58,-07:00,2026-04-02T22:35:58-07:00,8,2
resume/index.html,114,html,0b67ba0e,siyasathaye,2026-04-02,22:35:58,-07:00,2026-04-02T22:35:58-07:00,10,100
resume/index.html,115,html,0b67ba0e,siyasathaye,2026-04-02,22:35:58,-07:00,2026-04-02T22:35:58-07:00,10,83
resume/index.html,116,html,0b67ba0e,siyasathaye,2026-04-02,22:35:58,-07:00,2026-04-02T22:35:58-07:00,10,78
resume/index.html,117,html,0b67ba0e,siyasathaye,2026-04-02,22:35:58,-07:00,2026-04-02T22:35:58-07:00,8,3
resume/index.html,118,html,0b67ba0e,siyasathaye,2026-04-02,22:35:58,-07:00,2026-04-02T22:35:58-07:00,6,8
resume/index.html,119,html,0b67ba0e,siyasathaye,2026-04-02,22:35:58,-07:00,2026-04-02T22:35:58-07:00,6,7
resume/index.html,120,html,0b67ba0e,siyasathaye,2026-04-02,22:35:58,-07:00,2026-04-02T22:35:58-07:00,8,50
resume/index.html,121,html,0b67ba0e,siyasathaye,2026-04-02,22:35:58,-07:00,2026-04-02T22:35:58-07:00,8,2
resume/index.html,122,html,0b67ba0e,siyasathaye,2026-04-02,22:35:58,-07:00,2026-04-02T22:35:58-07:00,10,64
resume/index.html,123,html,0b67ba0e,siyasathaye,2026-04-02,22:35:58,-07:00,2026-04-02T22:35:58-07:00,10,88
resume/index.html,124,html,0b67ba0e,siyasathaye,2026-04-02,22:35:58,-07:00,2026-04-02T22:35:58-07:00,8,3
resume/index.html,125,html,0b67ba0e,siyasathaye,2026-04-02,22:35:58,-07:00,2026-04-02T22:35:58-07:00,6,8
resume/index.html,126,html,0b67ba0e,siyasathaye,2026-04-02,22:35:58,-07:00,2026-04-02T22:35:58-07:00,4,8
resume/index.html,127,html,0b67ba0e,siyasathaye,2026-04-02,22:35:58,-07:00,2026-04-02T22:35:58-07:00,4,7
resume/index.html,128,html,0b67ba0e,siyasathaye,2026-04-02,22:35:58,-07:00,2026-04-02T22:35:58-07:00,6,39
resume/index.html,129,html,0b67ba0e,siyasathaye,2026-04-02,22:35:58,-07:00,2026-04-02T22:35:58-07:00,6,7
resume/index.html,130,html,0b67ba0e,siyasathaye,2026-04-02,22:35:58,-07:00,2026-04-02T22:35:58-07:00,8,32
resume/index.html,131,html,0b67ba0e,siyasathaye,2026-04-02,22:35:58,-07:00,2026-04-02T22:35:58-07:00,8,1
resume/index.html,132,html,0b67ba0e,siyasathaye,2026-04-02,22:35:58,-07:00,2026-04-02T22:35:58-07:00,10,43
resume/index.html,133,html,0b67ba0e,siyasathaye,2026-04-02,22:35:58,-07:00,2026-04-02T22:35:58-07:00,10,41
resume/index.html,134,html,0b67ba0e,siyasathaye,2026-04-02,22:35:58,-07:00,2026-04-02T22:35:58-07:00,8,2
resume/index.html,135,html,0b67ba0e,siyasathaye,2026-04-02,22:35:58,-07:00,2026-04-02T22:35:58-07:00,8,2
resume/index.html,136,html,0b67ba0e,siyasathaye,2026-04-02,22:35:58,-07:00,2026-04-02T22:35:58-07:00,10,108
resume/index.html,137,html,0b67ba0e,siyasathaye,2026-04-02,22:35:58,-07:00,2026-04-02T22:35:58-07:00,10,64
resume/index.html,138,html,0b67ba0e,siyasathaye,2026-04-02,22:35:58,-07:00,2026-04-02T22:35:58-07:00,8,3
resume/index.html,139,html,0b67ba0e,siyasathaye,2026-04-02,22:35:58,-07:00,2026-04-02T22:35:58-07:00,6,8
resume/index.html,140,html,0b67ba0e,siyasathaye,2026-04-02,22:35:58,-07:00,2026-04-02T22:35:58-07:00,4,8
resume/index.html,141,html,0b67ba0e,siyasathaye,2026-04-02,22:35:58,-07:00,2026-04-02T22:35:58-07:00,4,7
resume/index.html,142,html,0b67ba0e,siyasathaye,2026-04-02,22:35:58,-07:00,2026-04-02T22:35:58-07:00,6,31
resume/index.html,143,html,0b67ba0e,siyasathaye,2026-04-02,22:35:58,-07:00,2026-04-02T22:35:58-07:00,6,7
resume/index.html,144,html,0b67ba0e,siyasathaye,2026-04-02,22:35:58,-07:00,2026-04-02T22:35:58-07:00,8,38
resume/index.html,145,html,0b67ba0e,siyasathaye,2026-04-02,22:35:58,-07:00,2026-04-02T22:35:58-07:00,8,1
resume/index.html,146,html,0b67ba0e,siyasathaye,2026-04-02,22:35:58,-07:00,2026-04-02T22:35:58-07:00,10,43
resume/index.html,147,html,0b67ba0e,siyasathaye,2026-04-02,22:35:58,-07:00,2026-04-02T22:35:58-07:00,10,37
resume/index.html,148,html,0b67ba0e,siyasathaye,2026-04-02,22:35:58,-07:00,2026-04-02T22:35:58-07:00,8,2
resume/index.html,149,html,0b67ba0e,siyasathaye,2026-04-02,22:35:58,-07:00,2026-04-02T22:35:58-07:00,8,2
resume/index.html,150,html,0b67ba0e,siyasathaye,2026-04-02,22:35:58,-07:00,2026-04-02T22:35:58-07:00,10,109
resume/index.html,151,html,0b67ba0e,siyasathaye,2026-04-02,22:35:58,-07:00,2026-04-02T22:35:58-07:00,10,130
resume/index.html,152,html,0b67ba0e,siyasathaye,2026-04-02,22:35:58,-07:00,2026-04-02T22:35:58-07:00,10,99
resume/index.html,153,html,0b67ba0e,siyasathaye,2026-04-02,22:35:58,-07:00,2026-04-02T22:35:58-07:00,10,68
resume/index.html,154,html,0b67ba0e,siyasathaye,2026-04-02,22:35:58,-07:00,2026-04-02T22:35:58-07:00,10,82
resume/index.html,155,html,bfff084f,siyasathaye,2026-04-03,11:27:26,-07:00,2026-04-03T11:27:26-07:00,10,106
resume/index.html,156,html,0b67ba0e,siyasathaye,2026-04-02,22:35:58,-07:00,2026-04-02T22:35:58-07:00,8,3
resume/index.html,157,html,0b67ba0e,siyasathaye,2026-04-02,22:35:58,-07:00,2026-04-02T22:35:58-07:00,6,8
resume/index.html,158,html,0b67ba0e,siyasathaye,2026-04-02,22:35:58,-07:00,2026-04-02T22:35:58-07:00,6,7
resume/index.html,159,html,0b67ba0e,siyasathaye,2026-04-02,22:35:58,-07:00,2026-04-02T22:35:58-07:00,8,69
resume/index.html,160,html,0b67ba0e,siyasathaye,2026-04-02,22:35:58,-07:00,2026-04-02T22:35:58-07:00,8,1
resume/index.html,161,html,0b67ba0e,siyasathaye,2026-04-02,22:35:58,-07:00,2026-04-02T22:35:58-07:00,10,33
resume/index.html,162,html,0b67ba0e,siyasathaye,2026-04-02,22:35:58,-07:00,2026-04-02T22:35:58-07:00,10,31
resume/index.html,163,html,0b67ba0e,siyasathaye,2026-04-02,22:35:58,-07:00,2026-04-02T22:35:58-07:00,8,2
resume/index.html,164,html,0b67ba0e,siyasathaye,2026-04-02,22:35:58,-07:00,2026-04-02T22:35:58-07:00,8,2
resume/index.html,165,html,0b67ba0e,siyasathaye,2026-04-02,22:35:58,-07:00,2026-04-02T22:35:58-07:00,10,47
resume/index.html,166,html,0b67ba0e,siyasathaye,2026-04-02,22:35:58,-07:00,2026-04-02T22:35:58-07:00,10,57
resume/index.html,167,html,0b67ba0e,siyasathaye,2026-04-02,22:35:58,-07:00,2026-04-02T22:35:58-07:00,8,3
resume/index.html,168,html,0b67ba0e,siyasathaye,2026-04-02,22:35:58,-07:00,2026-04-02T22:35:58-07:00,6,8
resume/index.html,169,html,0b67ba0e,siyasathaye,2026-04-02,22:35:58,-07:00,2026-04-02T22:35:58-07:00,4,8
resume/index.html,170,html,1a5f50c3,siyasathaye,2026-04-17,20:02:25,-07:00,2026-04-17T20:02:25-07:00,2,48
resume/index.html,171,html,0b67ba0e,siyasathaye,2026-04-02,22:35:58,-07:00,2026-04-02T22:35:58-07:00,0,5
resume/index.html,172,html,d9907e7e,siyasathaye,2026-04-08,23:52:09,-07:00,2026-04-08T23:52:09-07:00,0,5
